gating_distance_sq,process_noise_pos,measurement_noise,active_tracks,total_alignment_samples,mean_alignment_rad,mean_alignment_deg,total_misaligned,misalignment_ratio
16.00,0.0500,0.1000,18,47,0.175239,10.0404,4,0.085106
16.00,0.0500,0.2000,5,51,0.061798,3.5408,0,0.000000
16.00,0.0500,0.3000,7,44,0.114723,6.5731,1,0.022727
16.00,0.0500,0.4000,6,46,0.128179,7.3441,1,0.021739
16.00,0.0500,0.5000,7,56,0.136664,7.8303,3,0.053571
16.00,0.1500,0.1000,7,30,0.078913,4.5214,0,0.000000
16.00,0.1500,0.2000,6,46,0.062439,3.5775,0,0.000000
16.00,0.1500,0.3000,5,52,0.205384,11.7676,4,0.076923
16.00,0.1500,0.4000,5,44,0.101963,5.8421,1,0.022727
16.00,0.1500,0.5000,5,61,0.124920,7.1574,2,0.032787
16.00,0.2500,0.1000,6,44,0.158411,9.0763,2,0.045455
16.00,0.2500,0.2000,5,58,0.255468,14.6372,4,0.068966
16.00,0.2500,0.3000,5,47,0.067717,3.8799,0,0.000000
16.00,0.2500,0.4000,5,59,0.255661,14.6483,4,0.067797
16.00,0.2500,0.5000,7,53,0.130575,7.4814,2,0.037736
16.00,0.3500,0.1000,5,46,0.160299,9.1844,1,0.021739
16.00,0.3500,0.2000,6,52,0.123515,7.0769,2,0.038462
16.00,0.3500,0.3000,6,56,0.121196,6.9440,1,0.017857
16.00,0.3500,0.4000,6,58,0.297008,17.0173,5,0.086207
16.00,0.3500,0.5000,5,35,0.452096,25.9032,7,0.200000
16.00,0.4500,0.1000,6,39,0.103645,5.9384,1,0.025641
16.00,0.4500,0.2000,4,58,0.320130,18.3421,5,0.086207
16.00,0.4500,0.3000,6,44,0.072007,4.1257,0,0.000000
16.00,0.4500,0.4000,7,37,0.084694,4.8526,1,0.027027
16.00,0.4500,0.5000,5,57,0.335990,19.2508,6,0.105263
24.00,0.0500,0.1000,6,47,0.157955,9.0502,2,0.042553
24.00,0.0500,0.2000,8,50,0.127862,7.3259,1,0.020000
24.00,0.0500,0.3000,7,44,0.071176,4.0781,0,0.000000
24.00,0.0500,0.4000,7,52,0.189501,10.8576,3,0.057692
24.00,0.0500,0.5000,7,40,0.072421,4.1494,1,0.025000
24.00,0.1500,0.1000,6,50,0.149257,8.5518,1,0.020000
24.00,0.1500,0.2000,5,44,0.057518,3.2956,0,0.000000
24.00,0.1500,0.3000,6,49,0.152380,8.7307,2,0.040816
24.00,0.1500,0.4000,5,57,0.120299,6.8926,2,0.035088
24.00,0.1500,0.5000,5,51,0.103463,5.9280,2,0.039216
24.00,0.2500,0.1000,5,52,0.157194,9.0065,1,0.019231
24.00,0.2500,0.2000,7,47,0.094250,5.4001,0,0.000000
24.00,0.2500,0.3000,6,53,0.220451,12.6309,5,0.094340
24.00,0.2500,0.4000,5,55,0.077701,4.4520,0,0.000000
24.00,0.2500,0.5000,5,44,0.081348,4.6609,1,0.022727
24.00,0.3500,0.1000,6,48,0.155225,8.8937,1,0.020833
24.00,0.3500,0.2000,5,51,0.104810,6.0052,0,0.000000
24.00,0.3500,0.3000,6,36,0.064610,3.7019,0,0.000000
24.00,0.3500,0.4000,6,56,0.265453,15.2094,4,0.071429
24.00,0.3500,0.5000,5,51,0.152027,8.7105,3,0.058824
24.00,0.4500,0.1000,6,45,0.143298,8.2104,1,0.022222
24.00,0.4500,0.2000,5,61,0.176004,10.0843,3,0.049180
24.00,0.4500,0.3000,5,66,0.213345,12.2237,5,0.075758
24.00,0.4500,0.4000,6,52,0.087705,5.0251,0,0.000000
24.00,0.4500,0.5000,6,44,0.111868,6.4095,0,0.000000
32.00,0.0500,0.1000,6,58,0.259207,14.8515,5,0.086207
32.00,0.0500,0.2000,5,56,0.140098,8.0270,2,0.035714
32.00,0.0500,0.3000,6,57,0.257529,14.7553,4,0.070175
32.00,0.0500,0.4000,5,47,0.054458,3.1202,0,0.000000
32.00,0.0500,0.5000,6,48,0.058662,3.3611,0,0.000000
32.00,0.1500,0.1000,5,53,0.091299,5.2311,0,0.000000
32.00,0.1500,0.2000,6,46,0.118825,6.8082,1,0.021739
32.00,0.1500,0.3000,6,65,0.132216,7.5754,1,0.015385
32.00,0.1500,0.4000,7,53,0.148746,8.5225,2,0.037736
32.00,0.1500,0.5000,6,48,0.150071,8.5984,3,0.062500
32.00,0.2500,0.1000,6,47,0.162447,9.3075,2,0.042553
32.00,0.2500,0.2000,5,46,0.149938,8.5908,3,0.065217
32.00,0.2500,0.3000,6,46,0.064004,3.6672,0,0.000000
32.00,0.2500,0.4000,6,51,0.154798,8.8693,2,0.039216
32.00,0.2500,0.5000,5,43,0.086570,4.9601,1,0.023256
32.00,0.3500,0.1000,5,42,0.109193,6.2563,1,0.023810
32.00,0.3500,0.2000,5,49,0.091534,5.2445,0,0.000000
32.00,0.3500,0.3000,7,51,0.098341,5.6345,0,0.000000
32.00,0.3500,0.4000,6,45,0.113702,6.5146,1,0.022222
32.00,0.3500,0.5000,6,42,0.076487,4.3824,1,0.023810
32.00,0.4500,0.1000,5,27,0.143312,8.2112,1,0.037037
32.00,0.4500,0.2000,6,51,0.153301,8.7835,2,0.039216
32.00,0.4500,0.3000,6,40,0.077105,4.4178,0,0.000000
32.00,0.4500,0.4000,6,38,0.067050,3.8417,0,0.000000
32.00,0.4500,0.5000,6,58,0.309467,17.7312,5,0.086207
40.00,0.0500,0.1000,5,54,0.101734,5.8289,1,0.018519
40.00,0.0500,0.2000,6,35,0.056894,3.2598,0,0.000000
40.00,0.0500,0.3000,6,57,0.197166,11.2968,4,0.070175
40.00,0.0500,0.4000,5,52,0.068764,3.9399,1,0.019231
40.00,0.0500,0.5000,5,55,0.059539,3.4113,0,0.000000
40.00,0.1500,0.1000,6,45,0.094935,5.4394,1,0.022222
40.00,0.1500,0.2000,5,58,0.123282,7.0635,2,0.034483
40.00,0.1500,0.3000,5,49,0.062549,3.5838,0,0.000000
40.00,0.1500,0.4000,5,51,0.069186,3.9640,0,0.000000
40.00,0.1500,0.5000,6,43,0.114224,6.5445,3,0.069767
40.00,0.2500,0.1000,5,51,0.126365,7.2402,0,0.000000
40.00,0.2500,0.2000,5,48,0.071022,4.0693,0,0.000000
40.00,0.2500,0.3000,7,44,0.193680,11.0970,3,0.068182
40.00,0.2500,0.4000,6,46,0.121190,6.9437,2,0.043478
40.00,0.2500,0.5000,7,53,0.087790,5.0300,0,0.000000
40.00,0.3500,0.1000,6,51,0.206531,11.8334,3,0.058824
40.00,0.3500,0.2000,5,42,0.062900,3.6039,0,0.000000
40.00,0.3500,0.3000,6,51,0.134926,7.7307,1,0.019608
40.00,0.3500,0.4000,6,46,0.123862,7.0968,2,0.043478
40.00,0.3500,0.5000,5,43,0.088088,5.0471,1,0.023256
40.00,0.4500,0.1000,6,39,0.110737,6.3447,0,0.000000
40.00,0.4500,0.2000,7,44,0.070917,4.0632,0,0.000000
40.00,0.4500,0.3000,6,55,0.293719,16.8289,5,0.090909
40.00,0.4500,0.4000,6,59,0.323914,18.5589,5,0.084746
40.00,0.4500,0.5000,5,49,0.199345,11.4216,4,0.081633
48.00,0.0500,0.1000,6,46,0.162610,9.3169,2,0.043478
48.00,0.0500,0.2000,6,54,0.112341,6.4367,2,0.037037
48.00,0.0500,0.3000,6,49,0.121146,6.9412,1,0.020408
48.00,0.0500,0.4000,6,43,0.090332,5.1756,1,0.023256
48.00,0.0500,0.5000,7,44,0.176086,10.0890,2,0.045455
48.00,0.1500,0.1000,6,55,0.205120,11.7525,3,0.054545
48.00,0.1500,0.2000,5,56,0.139152,7.9728,1,0.017857
48.00,0.1500,0.3000,6,48,0.131832,7.5534,2,0.041667
48.00,0.1500,0.4000,6,44,0.082423,4.7225,1,0.022727
48.00,0.1500,0.5000,5,43,0.093197,5.3398,1,0.023256
48.00,0.2500,0.1000,6,50,0.128889,7.3848,1,0.020000
48.00,0.2500,0.2000,5,52,0.190240,10.9000,3,0.057692
48.00,0.2500,0.3000,6,44,0.171856,9.8466,1,0.022727
48.00,0.2500,0.4000,5,48,0.079832,4.5740,0,0.000000
48.00,0.2500,0.5000,5,49,0.064767,3.7109,0,0.000000
48.00,0.3500,0.1000,5,53,0.136005,7.7925,1,0.018868
48.00,0.3500,0.2000,5,53,0.148880,8.5302,1,0.018868
48.00,0.3500,0.3000,5,38,0.087151,4.9934,0,0.000000
48.00,0.3500,0.4000,6,53,0.171359,9.8182,2,0.037736
48.00,0.3500,0.5000,6,37,0.057638,3.3024,0,0.000000
48.00,0.4500,0.1000,6,54,0.191059,10.9468,3,0.055556
48.00,0.4500,0.2000,5,60,0.361684,20.7229,5,0.083333
48.00,0.4500,0.3000,6,55,0.316097,18.1110,5,0.090909
48.00,0.4500,0.4000,6,50,0.108460,6.2143,1,0.020000
48.00,0.4500,0.5000,9,51,0.147830,8.4700,2,0.039216
56.00,0.0500,0.1000,5,43,0.072387,4.1475,0,0.000000
56.00,0.0500,0.2000,6,64,0.176877,10.1343,3,0.046875
56.00,0.0500,0.3000,5,57,0.179981,10.3122,3,0.052632
56.00,0.0500,0.4000,6,49,0.124852,7.1535,2,0.040816
56.00,0.0500,0.5000,5,49,0.114780,6.5764,1,0.020408
56.00,0.1500,0.1000,6,50,0.105735,6.0581,1,0.020000
56.00,0.1500,0.2000,6,54,0.141950,8.1331,3,0.055556
56.00,0.1500,0.3000,7,44,0.059958,3.4353,0,0.000000
56.00,0.1500,0.4000,5,56,0.109559,6.2773,1,0.017857
56.00,0.1500,0.5000,6,43,0.055264,3.1664,0,0.000000
56.00,0.2500,0.1000,6,48,0.179559,10.2880,2,0.041667
56.00,0.2500,0.2000,6,49,0.143233,8.2066,2,0.040816
56.00,0.2500,0.3000,6,42,0.075870,4.3471,0,0.000000
56.00,0.2500,0.4000,7,44,0.188888,10.8225,3,0.068182
56.00,0.2500,0.5000,5,53,0.090766,5.2005,0,0.000000
56.00,0.3500,0.1000,5,61,0.240022,13.7522,3,0.049180
56.00,0.3500,0.2000,6,56,0.336655,19.2889,6,0.107143
56.00,0.3500,0.3000,6,43,0.078280,4.4851,0,0.000000
56.00,0.3500,0.4000,6,40,0.068373,3.9175,0,0.000000
56.00,0.3500,0.5000,6,45,0.066791,3.8268,0,0.000000
56.00,0.4500,0.1000,6,43,0.094395,5.4084,0,0.000000
56.00,0.4500,0.2000,7,38,0.067097,3.8444,0,0.000000
56.00,0.4500,0.3000,6,49,0.097105,5.5637,1,0.020408
56.00,0.4500,0.4000,6,41,0.073326,4.2012,0,0.000000
56.00,0.4500,0.5000,5,39,0.120696,6.9154,1,0.025641
64.00,0.0500,0.1000,5,45,0.126863,7.2687,1,0.022222
64.00,0.0500,0.2000,5,44,0.074415,4.2637,0,0.000000
64.00,0.0500,0.3000,6,44,0.073036,4.1846,1,0.022727
64.00,0.0500,0.4000,6,51,0.082334,4.7174,1,0.019608
64.00,0.0500,0.5000,6,40,0.053367,3.0577,0,0.000000
64.00,0.1500,0.1000,6,46,0.204835,11.7362,3,0.065217
64.00,0.1500,0.2000,6,59,0.194611,11.1504,3,0.050847
64.00,0.1500,0.3000,5,45,0.065369,3.7454,0,0.000000
64.00,0.1500,0.4000,6,45,0.082261,4.7132,1,0.022222
64.00,0.1500,0.5000,5,58,0.065196,3.7354,0,0.000000
64.00,0.2500,0.1000,6,53,0.292486,16.7582,5,0.094340
64.00,0.2500,0.2000,5,46,0.156415,8.9619,2,0.043478
64.00,0.2500,0.3000,5,53,0.122490,7.0182,1,0.018868
64.00,0.2500,0.4000,5,57,0.122996,7.0471,1,0.017544
64.00,0.2500,0.5000,6,51,0.069901,4.0050,0,0.000000
64.00,0.3500,0.1000,6,52,0.240674,13.7896,4,0.076923
64.00,0.3500,0.2000,7,44,0.140385,8.0435,1,0.022727
64.00,0.3500,0.3000,6,59,0.143969,8.2488,3,0.050847
64.00,0.3500,0.4000,5,52,0.110737,6.3448,1,0.019231
64.00,0.3500,0.5000,5,46,0.112915,6.4695,1,0.021739
64.00,0.4500,0.1000,5,53,0.141050,8.0816,2,0.037736
64.00,0.4500,0.2000,5,48,0.085007,4.8706,0,0.000000
64.00,0.4500,0.3000,6,57,0.304584,17.4514,5,0.087719
64.00,0.4500,0.4000,5,54,0.118516,6.7905,1,0.018519
64.00,0.4500,0.5000,5,46,0.082008,4.6987,0,0.000000
