timestamp,git_sha,site_id,combo,keys_json,capture_relative_path,capture_sha256,capture_ordinal,duration_seconds_requested,total_frames,recommended_settling_frame,recommended_settling_duration,converged,final_coverage_rate,final_spread_delta_rate,final_region_stability,final_mean_confidence,wall_duration_seconds,raw_report_path,error
2026-09-18T02:21:50-0700,de78dd6fba779f902afc3972f846be1b58fd3a38,1st-mission,neighbour_confirmation_count=1.0|noise_relative=0.02,"{""neighbour_confirmation_count"": 1.0, ""noise_relative"": 0.02}",s2/s2_sf_8_20260903141035_00005.pcap,cfa3a235463bbe3a89895c85c2cef4fc138996d6447eebddaac7eb38b78a3c11,0,120.0,,,,,,,,,0.15,,"auto-detected UDP port 2369
settling-eval: load tuning config /Users/david/code/velocity.report/data/experiments/try/l3-settling-sweep/configs/1st-mission__neighbour_confirmation_count-1.0_noise_relative-0.02__o0.json: failed to parse config JSON: config: l3.ema_baseline_v1: json: cannot unmarshal number 1.0 into Go struct field L3EmaBaselineV1.L3Common.neighbour_confirmation_count of type int"
2026-09-18T02:21:50-0700,de78dd6fba779f902afc3972f846be1b58fd3a38,1st-mission,neighbour_confirmation_count=1.0|noise_relative=0.05,"{""neighbour_confirmation_count"": 1.0, ""noise_relative"": 0.05}",s2/s2_sf_8_20260903141035_00005.pcap,cfa3a235463bbe3a89895c85c2cef4fc138996d6447eebddaac7eb38b78a3c11,0,120.0,,,,,,,,,0.02,,"auto-detected UDP port 2369
settling-eval: load tuning config /Users/david/code/velocity.report/data/experiments/try/l3-settling-sweep/configs/1st-mission__neighbour_confirmation_count-1.0_noise_relative-0.05__o0.json: failed to parse config JSON: config: l3.ema_baseline_v1: json: cannot unmarshal number 1.0 into Go struct field L3EmaBaselineV1.L3Common.neighbour_confirmation_count of type int"
2026-09-18T02:22:00-0700,de78dd6fba779f902afc3972f846be1b58fd3a38,1st-mission,neighbour_confirmation_count=3|noise_relative=0.02,"{""neighbour_confirmation_count"": 3, ""noise_relative"": 0.02}",s2/s2_sf_8_20260903141035_00005.pcap,cfa3a235463bbe3a89895c85c2cef4fc138996d6447eebddaac7eb38b78a3c11,0,120.0,1200,12,1.2s (at 10 Hz),True,0.9723055555555555,0.00013919254832344376,1,443.3549981430163,10.75,/Users/david/code/velocity.report/data/experiments/try/l3-settling-sweep/raw/1st-mission__neighbour_confirmation_count-3_noise_relative-0.02__o0.json,
2026-09-18T02:22:11-0700,de78dd6fba779f902afc3972f846be1b58fd3a38,1st-mission,neighbour_confirmation_count=3|noise_relative=0.05,"{""neighbour_confirmation_count"": 3, ""noise_relative"": 0.05}",s2/s2_sf_8_20260903141035_00005.pcap,cfa3a235463bbe3a89895c85c2cef4fc138996d6447eebddaac7eb38b78a3c11,0,120.0,1200,92,9.2s (at 10 Hz),True,0.9807777777777777,0.0006184779737055145,1,496.96529115214685,10.69,/Users/david/code/velocity.report/data/experiments/try/l3-settling-sweep/raw/1st-mission__neighbour_confirmation_count-3_noise_relative-0.05__o0.json,
2026-09-18T02:22:11-0700,de78dd6fba779f902afc3972f846be1b58fd3a38,3rd-folsom,neighbour_confirmation_count=1.0|noise_relative=0.02,"{""neighbour_confirmation_count"": 1.0, ""noise_relative"": 0.02}",s2/s2_sf_8_20260903152041_00019.pcap,1d19feceed93820cc4b20de2bd4cb4a94da08012466499cf86309f689131531f,0,120.0,,,,,,,,,0.16,,"auto-detected UDP port 2369
settling-eval: load tuning config /Users/david/code/velocity.report/data/experiments/try/l3-settling-sweep/configs/3rd-folsom__neighbour_confirmation_count-1.0_noise_relative-0.02__o0.json: failed to parse config JSON: config: l3.ema_baseline_v1: json: cannot unmarshal number 1.0 into Go struct field L3EmaBaselineV1.L3Common.neighbour_confirmation_count of type int"
2026-09-18T02:22:11-0700,de78dd6fba779f902afc3972f846be1b58fd3a38,3rd-folsom,neighbour_confirmation_count=1.0|noise_relative=0.05,"{""neighbour_confirmation_count"": 1.0, ""noise_relative"": 0.05}",s2/s2_sf_8_20260903152041_00019.pcap,1d19feceed93820cc4b20de2bd4cb4a94da08012466499cf86309f689131531f,0,120.0,,,,,,,,,0.02,,"auto-detected UDP port 2369
settling-eval: load tuning config /Users/david/code/velocity.report/data/experiments/try/l3-settling-sweep/configs/3rd-folsom__neighbour_confirmation_count-1.0_noise_relative-0.05__o0.json: failed to parse config JSON: config: l3.ema_baseline_v1: json: cannot unmarshal number 1.0 into Go struct field L3EmaBaselineV1.L3Common.neighbour_confirmation_count of type int"
2026-09-18T02:22:22-0700,de78dd6fba779f902afc3972f846be1b58fd3a38,3rd-folsom,neighbour_confirmation_count=3|noise_relative=0.02,"{""neighbour_confirmation_count"": 3, ""noise_relative"": 0.02}",s2/s2_sf_8_20260903152041_00019.pcap,1d19feceed93820cc4b20de2bd4cb4a94da08012466499cf86309f689131531f,0,120.0,1201,12,1.2s (at 10 Hz),True,0.9669027777777778,1.4990465212120773e-05,1,678.6708849849892,10.61,/Users/david/code/velocity.report/data/experiments/try/l3-settling-sweep/raw/3rd-folsom__neighbour_confirmation_count-3_noise_relative-0.02__o0.json,
2026-09-18T02:22:33-0700,de78dd6fba779f902afc3972f846be1b58fd3a38,3rd-folsom,neighbour_confirmation_count=3|noise_relative=0.05,"{""neighbour_confirmation_count"": 3, ""noise_relative"": 0.05}",s2/s2_sf_8_20260903152041_00019.pcap,1d19feceed93820cc4b20de2bd4cb4a94da08012466499cf86309f689131531f,0,120.0,1201,24,2.4s (at 10 Hz),True,0.9744861111111112,7.778781506982762e-05,1,751.8188218861793,10.82,/Users/david/code/velocity.report/data/experiments/try/l3-settling-sweep/raw/3rd-folsom__neighbour_confirmation_count-3_noise_relative-0.05__o0.json,
2026-09-18T02:22:33-0700,de78dd6fba779f902afc3972f846be1b58fd3a38,ashbury-downey,neighbour_confirmation_count=1.0|noise_relative=0.02,"{""neighbour_confirmation_count"": 1.0, ""noise_relative"": 0.02}",s2/s2-sf-0.pcapng,2eec35d381fa4c4ba5a6bf1218982c76e53749287d53691115261f14d8aefbed,0,120.0,,,,,,,,,0.17,,"auto-detected UDP port 2369
settling-eval: load tuning config /Users/david/code/velocity.report/data/experiments/try/l3-settling-sweep/configs/ashbury-downey__neighbour_confirmation_count-1.0_noise_relative-0.02__o0.json: failed to parse config JSON: config: l3.ema_baseline_v1: json: cannot unmarshal number 1.0 into Go struct field L3EmaBaselineV1.L3Common.neighbour_confirmation_count of type int"
2026-09-18T02:22:33-0700,de78dd6fba779f902afc3972f846be1b58fd3a38,ashbury-downey,neighbour_confirmation_count=1.0|noise_relative=0.05,"{""neighbour_confirmation_count"": 1.0, ""noise_relative"": 0.05}",s2/s2-sf-0.pcapng,2eec35d381fa4c4ba5a6bf1218982c76e53749287d53691115261f14d8aefbed,0,120.0,,,,,,,,,0.02,,"auto-detected UDP port 2369
settling-eval: load tuning config /Users/david/code/velocity.report/data/experiments/try/l3-settling-sweep/configs/ashbury-downey__neighbour_confirmation_count-1.0_noise_relative-0.05__o0.json: failed to parse config JSON: config: l3.ema_baseline_v1: json: cannot unmarshal number 1.0 into Go struct field L3EmaBaselineV1.L3Common.neighbour_confirmation_count of type int"
2026-09-18T02:22:44-0700,de78dd6fba779f902afc3972f846be1b58fd3a38,ashbury-downey,neighbour_confirmation_count=3|noise_relative=0.02,"{""neighbour_confirmation_count"": 3, ""noise_relative"": 0.02}",s2/s2-sf-0.pcapng,2eec35d381fa4c4ba5a6bf1218982c76e53749287d53691115261f14d8aefbed,0,120.0,1200,11,1.1s (at 10 Hz),True,0.9887361111111111,0.00011075627987473012,1,948.8412535644552,11.24,/Users/david/code/velocity.report/data/experiments/try/l3-settling-sweep/raw/ashbury-downey__neighbour_confirmation_count-3_noise_relative-0.02__o0.json,
2026-09-18T02:22:55-0700,de78dd6fba779f902afc3972f846be1b58fd3a38,ashbury-downey,neighbour_confirmation_count=3|noise_relative=0.05,"{""neighbour_confirmation_count"": 3, ""noise_relative"": 0.05}",s2/s2-sf-0.pcapng,2eec35d381fa4c4ba5a6bf1218982c76e53749287d53691115261f14d8aefbed,0,120.0,1200,11,1.1s (at 10 Hz),True,0.9898055555555556,0.0002306333357282624,1,983.2586647209048,10.86,/Users/david/code/velocity.report/data/experiments/try/l3-settling-sweep/raw/ashbury-downey__neighbour_confirmation_count-3_noise_relative-0.05__o0.json,
2026-09-18T02:22:55-0700,de78dd6fba779f902afc3972f846be1b58fd3a38,broadway-gough,neighbour_confirmation_count=1.0|noise_relative=0.02,"{""neighbour_confirmation_count"": 1.0, ""noise_relative"": 0.02}",s2/s2-1_20260901150856_00029.pcap,30ca5559051e291e1a73a6bd22a69316fb4bf3172bf662064655eb7ef42fc9db,0,120.0,,,,,,,,,0.25,,"auto-detected UDP port 2369
settling-eval: load tuning config /Users/david/code/velocity.report/data/experiments/try/l3-settling-sweep/configs/broadway-gough__neighbour_confirmation_count-1.0_noise_relative-0.02__o0.json: failed to parse config JSON: config: l3.ema_baseline_v1: json: cannot unmarshal number 1.0 into Go struct field L3EmaBaselineV1.L3Common.neighbour_confirmation_count of type int"
2026-09-18T02:22:55-0700,de78dd6fba779f902afc3972f846be1b58fd3a38,broadway-gough,neighbour_confirmation_count=1.0|noise_relative=0.05,"{""neighbour_confirmation_count"": 1.0, ""noise_relative"": 0.05}",s2/s2-1_20260901150856_00029.pcap,30ca5559051e291e1a73a6bd22a69316fb4bf3172bf662064655eb7ef42fc9db,0,120.0,,,,,,,,,0.02,,"auto-detected UDP port 2369
settling-eval: load tuning config /Users/david/code/velocity.report/data/experiments/try/l3-settling-sweep/configs/broadway-gough__neighbour_confirmation_count-1.0_noise_relative-0.05__o0.json: failed to parse config JSON: config: l3.ema_baseline_v1: json: cannot unmarshal number 1.0 into Go struct field L3EmaBaselineV1.L3Common.neighbour_confirmation_count of type int"
2026-09-18T02:23:06-0700,de78dd6fba779f902afc3972f846be1b58fd3a38,broadway-gough,neighbour_confirmation_count=3|noise_relative=0.02,"{""neighbour_confirmation_count"": 3, ""noise_relative"": 0.02}",s2/s2-1_20260901150856_00029.pcap,30ca5559051e291e1a73a6bd22a69316fb4bf3172bf662064655eb7ef42fc9db,0,120.0,1201,11,1.1s (at 10 Hz),True,0.978,7.189383109040275e-06,1,744.2238269711429,10.84,/Users/david/code/velocity.report/data/experiments/try/l3-settling-sweep/raw/broadway-gough__neighbour_confirmation_count-3_noise_relative-0.02__o0.json,
2026-09-18T02:23:17-0700,de78dd6fba779f902afc3972f846be1b58fd3a38,broadway-gough,neighbour_confirmation_count=3|noise_relative=0.05,"{""neighbour_confirmation_count"": 3, ""noise_relative"": 0.05}",s2/s2-1_20260901150856_00029.pcap,30ca5559051e291e1a73a6bd22a69316fb4bf3172bf662064655eb7ef42fc9db,0,120.0,1201,11,1.1s (at 10 Hz),True,0.9824444444444445,1.4883903725053992e-05,1,772.5025163990048,10.63,/Users/david/code/velocity.report/data/experiments/try/l3-settling-sweep/raw/broadway-gough__neighbour_confirmation_count-3_noise_relative-0.05__o0.json,
2026-09-18T02:23:17-0700,de78dd6fba779f902afc3972f846be1b58fd3a38,bush-powell,neighbour_confirmation_count=1.0|noise_relative=0.02,"{""neighbour_confirmation_count"": 1.0, ""noise_relative"": 0.02}",s2/s2_sf_6_20260903113556_00020.pcap,19d49af8a0498d700c383a851bc512b7423a1388969663b27b12d9e23de97d7c,0,120.0,,,,,,,,,0.14,,"auto-detected UDP port 2369
settling-eval: load tuning config /Users/david/code/velocity.report/data/experiments/try/l3-settling-sweep/configs/bush-powell__neighbour_confirmation_count-1.0_noise_relative-0.02__o0.json: failed to parse config JSON: config: l3.ema_baseline_v1: json: cannot unmarshal number 1.0 into Go struct field L3EmaBaselineV1.L3Common.neighbour_confirmation_count of type int"
2026-09-18T02:23:17-0700,de78dd6fba779f902afc3972f846be1b58fd3a38,bush-powell,neighbour_confirmation_count=1.0|noise_relative=0.05,"{""neighbour_confirmation_count"": 1.0, ""noise_relative"": 0.05}",s2/s2_sf_6_20260903113556_00020.pcap,19d49af8a0498d700c383a851bc512b7423a1388969663b27b12d9e23de97d7c,0,120.0,,,,,,,,,0.02,,"auto-detected UDP port 2369
settling-eval: load tuning config /Users/david/code/velocity.report/data/experiments/try/l3-settling-sweep/configs/bush-powell__neighbour_confirmation_count-1.0_noise_relative-0.05__o0.json: failed to parse config JSON: config: l3.ema_baseline_v1: json: cannot unmarshal number 1.0 into Go struct field L3EmaBaselineV1.L3Common.neighbour_confirmation_count of type int"
2026-09-18T02:23:29-0700,de78dd6fba779f902afc3972f846be1b58fd3a38,bush-powell,neighbour_confirmation_count=3|noise_relative=0.02,"{""neighbour_confirmation_count"": 3, ""noise_relative"": 0.02}",s2/s2_sf_6_20260903113556_00020.pcap,19d49af8a0498d700c383a851bc512b7423a1388969663b27b12d9e23de97d7c,0,120.0,1201,12,1.2s (at 10 Hz),True,0.98625,2.6980816025180417e-05,1,621.3027742571469,11.48,/Users/david/code/velocity.report/data/experiments/try/l3-settling-sweep/raw/bush-powell__neighbour_confirmation_count-3_noise_relative-0.02__o0.json,
2026-09-18T02:23:39-0700,de78dd6fba779f902afc3972f846be1b58fd3a38,bush-powell,neighbour_confirmation_count=3|noise_relative=0.05,"{""neighbour_confirmation_count"": 3, ""noise_relative"": 0.05}",s2/s2_sf_6_20260903113556_00020.pcap,19d49af8a0498d700c383a851bc512b7423a1388969663b27b12d9e23de97d7c,0,120.0,1201,12,1.2s (at 10 Hz),True,0.9898888888888889,5.389069449173249e-05,1,687.6015405769447,10.78,/Users/david/code/velocity.report/data/experiments/try/l3-settling-sweep/raw/bush-powell__neighbour_confirmation_count-3_noise_relative-0.05__o0.json,
2026-09-18T02:23:40-0700,de78dd6fba779f902afc3972f846be1b58fd3a38,california-leon-baker,neighbour_confirmation_count=1.0|noise_relative=0.02,"{""neighbour_confirmation_count"": 1.0, ""noise_relative"": 0.02}",s2/s2-1_20260901142853_00021.pcap,6ba305456f6be0fae61f63e9b303cb80e0ac2e5bf1f605a46e3086552d0cafb8,0,120.0,,,,,,,,,0.19,,"auto-detected UDP port 2369
settling-eval: load tuning config /Users/david/code/velocity.report/data/experiments/try/l3-settling-sweep/configs/california-leon-baker__neighbour_confirmation_count-1.0_noise_relative-0.02__o0.json: failed to parse config JSON: config: l3.ema_baseline_v1: json: cannot unmarshal number 1.0 into Go struct field L3EmaBaselineV1.L3Common.neighbour_confirmation_count of type int"
2026-09-18T02:23:40-0700,de78dd6fba779f902afc3972f846be1b58fd3a38,california-leon-baker,neighbour_confirmation_count=1.0|noise_relative=0.05,"{""neighbour_confirmation_count"": 1.0, ""noise_relative"": 0.05}",s2/s2-1_20260901142853_00021.pcap,6ba305456f6be0fae61f63e9b303cb80e0ac2e5bf1f605a46e3086552d0cafb8,0,120.0,,,,,,,,,0.02,,"auto-detected UDP port 2369
settling-eval: load tuning config /Users/david/code/velocity.report/data/experiments/try/l3-settling-sweep/configs/california-leon-baker__neighbour_confirmation_count-1.0_noise_relative-0.05__o0.json: failed to parse config JSON: config: l3.ema_baseline_v1: json: cannot unmarshal number 1.0 into Go struct field L3EmaBaselineV1.L3Common.neighbour_confirmation_count of type int"
2026-09-18T02:23:51-0700,de78dd6fba779f902afc3972f846be1b58fd3a38,california-leon-baker,neighbour_confirmation_count=3|noise_relative=0.02,"{""neighbour_confirmation_count"": 3, ""noise_relative"": 0.02}",s2/s2-1_20260901142853_00021.pcap,6ba305456f6be0fae61f63e9b303cb80e0ac2e5bf1f605a46e3086552d0cafb8,0,120.0,1201,11,1.1s (at 10 Hz),True,0.9838055555555556,2.7453291486315207e-05,1,859.5689499392947,11.18,/Users/david/code/velocity.report/data/experiments/try/l3-settling-sweep/raw/california-leon-baker__neighbour_confirmation_count-3_noise_relative-0.02__o0.json,
2026-09-18T02:24:01-0700,de78dd6fba779f902afc3972f846be1b58fd3a38,california-leon-baker,neighbour_confirmation_count=3|noise_relative=0.05,"{""neighbour_confirmation_count"": 3, ""noise_relative"": 0.05}",s2/s2-1_20260901142853_00021.pcap,6ba305456f6be0fae61f63e9b303cb80e0ac2e5bf1f605a46e3086552d0cafb8,0,120.0,1201,11,1.1s (at 10 Hz),True,0.9852222222222222,3.924859650320679e-05,1,870.2502396526446,10.69,/Users/david/code/velocity.report/data/experiments/try/l3-settling-sweep/raw/california-leon-baker__neighbour_confirmation_count-3_noise_relative-0.05__o0.json,
2026-09-18T02:24:02-0700,de78dd6fba779f902afc3972f846be1b58fd3a38,columbus-broadway,neighbour_confirmation_count=1.0|noise_relative=0.02,"{""neighbour_confirmation_count"": 1.0, ""noise_relative"": 0.02}",s2/s2_sf_3_20260902132037_00002.pcap,135bf02a909df5eeee1f2e526914d975e52cdb562781729174082e7fd6b5e6f0,0,120.0,,,,,,,,,0.14,,"auto-detected UDP port 2369
settling-eval: load tuning config /Users/david/code/velocity.report/data/experiments/try/l3-settling-sweep/configs/columbus-broadway__neighbour_confirmation_count-1.0_noise_relative-0.02__o0.json: failed to parse config JSON: config: l3.ema_baseline_v1: json: cannot unmarshal number 1.0 into Go struct field L3EmaBaselineV1.L3Common.neighbour_confirmation_count of type int"
2026-09-18T02:24:02-0700,de78dd6fba779f902afc3972f846be1b58fd3a38,columbus-broadway,neighbour_confirmation_count=1.0|noise_relative=0.05,"{""neighbour_confirmation_count"": 1.0, ""noise_relative"": 0.05}",s2/s2_sf_3_20260902132037_00002.pcap,135bf02a909df5eeee1f2e526914d975e52cdb562781729174082e7fd6b5e6f0,0,120.0,,,,,,,,,0.02,,"auto-detected UDP port 2369
settling-eval: load tuning config /Users/david/code/velocity.report/data/experiments/try/l3-settling-sweep/configs/columbus-broadway__neighbour_confirmation_count-1.0_noise_relative-0.05__o0.json: failed to parse config JSON: config: l3.ema_baseline_v1: json: cannot unmarshal number 1.0 into Go struct field L3EmaBaselineV1.L3Common.neighbour_confirmation_count of type int"
2026-09-18T02:24:12-0700,de78dd6fba779f902afc3972f846be1b58fd3a38,columbus-broadway,neighbour_confirmation_count=3|noise_relative=0.02,"{""neighbour_confirmation_count"": 3, ""noise_relative"": 0.02}",s2/s2_sf_3_20260902132037_00002.pcap,135bf02a909df5eeee1f2e526914d975e52cdb562781729174082e7fd6b5e6f0,0,120.0,1200,12,1.2s (at 10 Hz),True,0.9537638888888889,0.00010226835909599882,1,467.6872478921233,10.44,/Users/david/code/velocity.report/data/experiments/try/l3-settling-sweep/raw/columbus-broadway__neighbour_confirmation_count-3_noise_relative-0.02__o0.json,
2026-09-18T02:24:23-0700,de78dd6fba779f902afc3972f846be1b58fd3a38,columbus-broadway,neighbour_confirmation_count=3|noise_relative=0.05,"{""neighbour_confirmation_count"": 3, ""noise_relative"": 0.05}",s2/s2_sf_3_20260902132037_00002.pcap,135bf02a909df5eeee1f2e526914d975e52cdb562781729174082e7fd6b5e6f0,0,120.0,1200,20,2.0s (at 10 Hz),True,0.963375,0.0003708967333589571,1,510.97733662038837,10.42,/Users/david/code/velocity.report/data/experiments/try/l3-settling-sweep/raw/columbus-broadway__neighbour_confirmation_count-3_noise_relative-0.05__o0.json,
2026-09-18T02:24:23-0700,de78dd6fba779f902afc3972f846be1b58fd3a38,columbus-north-point,neighbour_confirmation_count=1.0|noise_relative=0.02,"{""neighbour_confirmation_count"": 1.0, ""noise_relative"": 0.02}",s2/s2_sf_2_20260902115334_00030.pcap,35f520e2232732a6b227dc6b676865a403fd4f7e0c6874c6d9ea040cebad9a87,0,120.0,,,,,,,,,0.17,,"auto-detected UDP port 2369
settling-eval: load tuning config /Users/david/code/velocity.report/data/experiments/try/l3-settling-sweep/configs/columbus-north-point__neighbour_confirmation_count-1.0_noise_relative-0.02__o0.json: failed to parse config JSON: config: l3.ema_baseline_v1: json: cannot unmarshal number 1.0 into Go struct field L3EmaBaselineV1.L3Common.neighbour_confirmation_count of type int"
2026-09-18T02:24:23-0700,de78dd6fba779f902afc3972f846be1b58fd3a38,columbus-north-point,neighbour_confirmation_count=1.0|noise_relative=0.05,"{""neighbour_confirmation_count"": 1.0, ""noise_relative"": 0.05}",s2/s2_sf_2_20260902115334_00030.pcap,35f520e2232732a6b227dc6b676865a403fd4f7e0c6874c6d9ea040cebad9a87,0,120.0,,,,,,,,,0.02,,"auto-detected UDP port 2369
settling-eval: load tuning config /Users/david/code/velocity.report/data/experiments/try/l3-settling-sweep/configs/columbus-north-point__neighbour_confirmation_count-1.0_noise_relative-0.05__o0.json: failed to parse config JSON: config: l3.ema_baseline_v1: json: cannot unmarshal number 1.0 into Go struct field L3EmaBaselineV1.L3Common.neighbour_confirmation_count of type int"
2026-09-18T02:24:33-0700,de78dd6fba779f902afc3972f846be1b58fd3a38,columbus-north-point,neighbour_confirmation_count=3|noise_relative=0.02,"{""neighbour_confirmation_count"": 3, ""noise_relative"": 0.02}",s2/s2_sf_2_20260902115334_00030.pcap,35f520e2232732a6b227dc6b676865a403fd4f7e0c6874c6d9ea040cebad9a87,0,120.0,1201,11,1.1s (at 10 Hz),True,0.9690833333333333,4.34108858160765e-05,1,565.0104480178863,10.67,/Users/david/code/velocity.report/data/experiments/try/l3-settling-sweep/raw/columbus-north-point__neighbour_confirmation_count-3_noise_relative-0.02__o0.json,
2026-09-18T02:24:44-0700,de78dd6fba779f902afc3972f846be1b58fd3a38,columbus-north-point,neighbour_confirmation_count=3|noise_relative=0.05,"{""neighbour_confirmation_count"": 3, ""noise_relative"": 0.05}",s2/s2_sf_2_20260902115334_00030.pcap,35f520e2232732a6b227dc6b676865a403fd4f7e0c6874c6d9ea040cebad9a87,0,120.0,1201,44,4.4s (at 10 Hz),True,0.9774444444444444,0.00013449947314793956,1,666.3806979652154,10.66,/Users/david/code/velocity.report/data/experiments/try/l3-settling-sweep/raw/columbus-north-point__neighbour_confirmation_count-3_noise_relative-0.05__o0.json,
2026-09-18T02:24:44-0700,de78dd6fba779f902afc3972f846be1b58fd3a38,embarcadero-bay,neighbour_confirmation_count=1.0|noise_relative=0.02,"{""neighbour_confirmation_count"": 1.0, ""noise_relative"": 0.02}",s2/s2_sf_2_20260902123517_00002.pcap,cd4811a1246fefd1e3acc51b3d01e771c7121c0b8ee08122b35e1ec049e0e9da,0,120.0,,,,,,,,,0.13,,"auto-detected UDP port 2369
settling-eval: load tuning config /Users/david/code/velocity.report/data/experiments/try/l3-settling-sweep/configs/embarcadero-bay__neighbour_confirmation_count-1.0_noise_relative-0.02__o0.json: failed to parse config JSON: config: l3.ema_baseline_v1: json: cannot unmarshal number 1.0 into Go struct field L3EmaBaselineV1.L3Common.neighbour_confirmation_count of type int"
2026-09-18T02:24:44-0700,de78dd6fba779f902afc3972f846be1b58fd3a38,embarcadero-bay,neighbour_confirmation_count=1.0|noise_relative=0.05,"{""neighbour_confirmation_count"": 1.0, ""noise_relative"": 0.05}",s2/s2_sf_2_20260902123517_00002.pcap,cd4811a1246fefd1e3acc51b3d01e771c7121c0b8ee08122b35e1ec049e0e9da,0,120.0,,,,,,,,,0.02,,"auto-detected UDP port 2369
settling-eval: load tuning config /Users/david/code/velocity.report/data/experiments/try/l3-settling-sweep/configs/embarcadero-bay__neighbour_confirmation_count-1.0_noise_relative-0.05__o0.json: failed to parse config JSON: config: l3.ema_baseline_v1: json: cannot unmarshal number 1.0 into Go struct field L3EmaBaselineV1.L3Common.neighbour_confirmation_count of type int"
2026-09-18T02:24:55-0700,de78dd6fba779f902afc3972f846be1b58fd3a38,embarcadero-bay,neighbour_confirmation_count=3|noise_relative=0.02,"{""neighbour_confirmation_count"": 3, ""noise_relative"": 0.02}",s2/s2_sf_2_20260902123517_00002.pcap,cd4811a1246fefd1e3acc51b3d01e771c7121c0b8ee08122b35e1ec049e0e9da,0,120.0,1200,11,1.1s (at 10 Hz),True,0.9621388888888889,8.95059855263641e-05,1,735.3169876144008,10.59,/Users/david/code/velocity.report/data/experiments/try/l3-settling-sweep/raw/embarcadero-bay__neighbour_confirmation_count-3_noise_relative-0.02__o0.json,
2026-09-18T02:25:05-0700,de78dd6fba779f902afc3972f846be1b58fd3a38,embarcadero-bay,neighbour_confirmation_count=3|noise_relative=0.05,"{""neighbour_confirmation_count"": 3, ""noise_relative"": 0.05}",s2/s2_sf_2_20260902123517_00002.pcap,cd4811a1246fefd1e3acc51b3d01e771c7121c0b8ee08122b35e1ec049e0e9da,0,120.0,1200,40,4.0s (at 10 Hz),True,0.965375,0.00034101610615453045,1,797.3409440775749,10.57,/Users/david/code/velocity.report/data/experiments/try/l3-settling-sweep/raw/embarcadero-bay__neighbour_confirmation_count-3_noise_relative-0.05__o0.json,
2026-09-18T02:25:06-0700,de78dd6fba779f902afc3972f846be1b58fd3a38,embarcadero-broadway,neighbour_confirmation_count=1.0|noise_relative=0.02,"{""neighbour_confirmation_count"": 1.0, ""noise_relative"": 0.02}",s2/s2_sf_4_20260902152249_00001.pcap,57a73964321e905a94d290aaf8c97a3b1e6975f64ab12f4622049a13b1347d4a,0,120.0,,,,,,,,,0.17,,"auto-detected UDP port 2369
settling-eval: load tuning config /Users/david/code/velocity.report/data/experiments/try/l3-settling-sweep/configs/embarcadero-broadway__neighbour_confirmation_count-1.0_noise_relative-0.02__o0.json: failed to parse config JSON: config: l3.ema_baseline_v1: json: cannot unmarshal number 1.0 into Go struct field L3EmaBaselineV1.L3Common.neighbour_confirmation_count of type int"
2026-09-18T02:25:06-0700,de78dd6fba779f902afc3972f846be1b58fd3a38,embarcadero-broadway,neighbour_confirmation_count=1.0|noise_relative=0.05,"{""neighbour_confirmation_count"": 1.0, ""noise_relative"": 0.05}",s2/s2_sf_4_20260902152249_00001.pcap,57a73964321e905a94d290aaf8c97a3b1e6975f64ab12f4622049a13b1347d4a,0,120.0,,,,,,,,,0.02,,"auto-detected UDP port 2369
settling-eval: load tuning config /Users/david/code/velocity.report/data/experiments/try/l3-settling-sweep/configs/embarcadero-broadway__neighbour_confirmation_count-1.0_noise_relative-0.05__o0.json: failed to parse config JSON: config: l3.ema_baseline_v1: json: cannot unmarshal number 1.0 into Go struct field L3EmaBaselineV1.L3Common.neighbour_confirmation_count of type int"
2026-09-18T02:25:16-0700,de78dd6fba779f902afc3972f846be1b58fd3a38,embarcadero-broadway,neighbour_confirmation_count=3|noise_relative=0.02,"{""neighbour_confirmation_count"": 3, ""noise_relative"": 0.02}",s2/s2_sf_4_20260902152249_00001.pcap,57a73964321e905a94d290aaf8c97a3b1e6975f64ab12f4622049a13b1347d4a,0,120.0,1200,12,1.2s (at 10 Hz),True,0.9429583333333333,8.702644658655513e-05,1,565.1642290074087,10.56,/Users/david/code/velocity.report/data/experiments/try/l3-settling-sweep/raw/embarcadero-broadway__neighbour_confirmation_count-3_noise_relative-0.02__o0.json,
2026-09-18T02:25:26-0700,de78dd6fba779f902afc3972f846be1b58fd3a38,embarcadero-broadway,neighbour_confirmation_count=3|noise_relative=0.05,"{""neighbour_confirmation_count"": 3, ""noise_relative"": 0.05}",s2/s2_sf_4_20260902152249_00001.pcap,57a73964321e905a94d290aaf8c97a3b1e6975f64ab12f4622049a13b1347d4a,0,120.0,1200,47,4.7s (at 10 Hz),True,0.9486111111111111,0.0003392911552367009,1,616.3162811127379,10.12,/Users/david/code/velocity.report/data/experiments/try/l3-settling-sweep/raw/embarcadero-broadway__neighbour_confirmation_count-3_noise_relative-0.05__o0.json,
2026-09-18T02:25:27-0700,de78dd6fba779f902afc3972f846be1b58fd3a38,embarcadero-bryant,neighbour_confirmation_count=1.0|noise_relative=0.02,"{""neighbour_confirmation_count"": 1.0, ""noise_relative"": 0.02}",s2/s2_sf_8_20260903144037_00011.pcap,3c55a2292c59ee964927f38689e29ac46cbfd2790880f317e295db5f47c29c33,0,120.0,,,,,,,,,0.14,,"auto-detected UDP port 2369
settling-eval: load tuning config /Users/david/code/velocity.report/data/experiments/try/l3-settling-sweep/configs/embarcadero-bryant__neighbour_confirmation_count-1.0_noise_relative-0.02__o0.json: failed to parse config JSON: config: l3.ema_baseline_v1: json: cannot unmarshal number 1.0 into Go struct field L3EmaBaselineV1.L3Common.neighbour_confirmation_count of type int"
2026-09-18T02:25:27-0700,de78dd6fba779f902afc3972f846be1b58fd3a38,embarcadero-bryant,neighbour_confirmation_count=1.0|noise_relative=0.05,"{""neighbour_confirmation_count"": 1.0, ""noise_relative"": 0.05}",s2/s2_sf_8_20260903144037_00011.pcap,3c55a2292c59ee964927f38689e29ac46cbfd2790880f317e295db5f47c29c33,0,120.0,,,,,,,,,0.02,,"auto-detected UDP port 2369
settling-eval: load tuning config /Users/david/code/velocity.report/data/experiments/try/l3-settling-sweep/configs/embarcadero-bryant__neighbour_confirmation_count-1.0_noise_relative-0.05__o0.json: failed to parse config JSON: config: l3.ema_baseline_v1: json: cannot unmarshal number 1.0 into Go struct field L3EmaBaselineV1.L3Common.neighbour_confirmation_count of type int"
2026-09-18T02:25:37-0700,de78dd6fba779f902afc3972f846be1b58fd3a38,embarcadero-bryant,neighbour_confirmation_count=3|noise_relative=0.02,"{""neighbour_confirmation_count"": 3, ""noise_relative"": 0.02}",s2/s2_sf_8_20260903144037_00011.pcap,3c55a2292c59ee964927f38689e29ac46cbfd2790880f317e295db5f47c29c33,0,120.0,1201,11,1.1s (at 10 Hz),True,0.9168888888888889,0.00011289839701329426,1,554.415702253999,9.96,/Users/david/code/velocity.report/data/experiments/try/l3-settling-sweep/raw/embarcadero-bryant__neighbour_confirmation_count-3_noise_relative-0.02__o0.json,
2026-09-18T02:25:47-0700,de78dd6fba779f902afc3972f846be1b58fd3a38,embarcadero-bryant,neighbour_confirmation_count=3|noise_relative=0.05,"{""neighbour_confirmation_count"": 3, ""noise_relative"": 0.05}",s2/s2_sf_8_20260903144037_00011.pcap,3c55a2292c59ee964927f38689e29ac46cbfd2790880f317e295db5f47c29c33,0,120.0,1201,18,1.8s (at 10 Hz),True,0.92125,0.00024157129518407472,1,605.2387004372079,10.0,/Users/david/code/velocity.report/data/experiments/try/l3-settling-sweep/raw/embarcadero-bryant__neighbour_confirmation_count-3_noise_relative-0.05__o0.json,
2026-09-18T02:25:47-0700,de78dd6fba779f902afc3972f846be1b58fd3a38,embarcadero-folsom,neighbour_confirmation_count=1.0|noise_relative=0.02,"{""neighbour_confirmation_count"": 1.0, ""noise_relative"": 0.02}",s2/s2_sf_7_20260903131748_00001.pcap,05cf29bb0d972d1edfc8acb701946f43b927881dc667aa630b2624f325ff6818,0,120.0,,,,,,,,,0.15,,"auto-detected UDP port 2369
settling-eval: load tuning config /Users/david/code/velocity.report/data/experiments/try/l3-settling-sweep/configs/embarcadero-folsom__neighbour_confirmation_count-1.0_noise_relative-0.02__o0.json: failed to parse config JSON: config: l3.ema_baseline_v1: json: cannot unmarshal number 1.0 into Go struct field L3EmaBaselineV1.L3Common.neighbour_confirmation_count of type int"
2026-09-18T02:25:47-0700,de78dd6fba779f902afc3972f846be1b58fd3a38,embarcadero-folsom,neighbour_confirmation_count=1.0|noise_relative=0.05,"{""neighbour_confirmation_count"": 1.0, ""noise_relative"": 0.05}",s2/s2_sf_7_20260903131748_00001.pcap,05cf29bb0d972d1edfc8acb701946f43b927881dc667aa630b2624f325ff6818,0,120.0,,,,,,,,,0.02,,"auto-detected UDP port 2369
settling-eval: load tuning config /Users/david/code/velocity.report/data/experiments/try/l3-settling-sweep/configs/embarcadero-folsom__neighbour_confirmation_count-1.0_noise_relative-0.05__o0.json: failed to parse config JSON: config: l3.ema_baseline_v1: json: cannot unmarshal number 1.0 into Go struct field L3EmaBaselineV1.L3Common.neighbour_confirmation_count of type int"
2026-09-18T02:25:57-0700,de78dd6fba779f902afc3972f846be1b58fd3a38,embarcadero-folsom,neighbour_confirmation_count=3|noise_relative=0.02,"{""neighbour_confirmation_count"": 3, ""noise_relative"": 0.02}",s2/s2_sf_7_20260903131748_00001.pcap,05cf29bb0d972d1edfc8acb701946f43b927881dc667aa630b2624f325ff6818,0,120.0,1201,11,1.1s (at 10 Hz),True,0.9448611111111112,3.119902057261344e-05,1,628.9085844480377,10.36,/Users/david/code/velocity.report/data/experiments/try/l3-settling-sweep/raw/embarcadero-folsom__neighbour_confirmation_count-3_noise_relative-0.02__o0.json,
2026-09-18T02:26:07-0700,de78dd6fba779f902afc3972f846be1b58fd3a38,embarcadero-folsom,neighbour_confirmation_count=3|noise_relative=0.05,"{""neighbour_confirmation_count"": 3, ""noise_relative"": 0.05}",s2/s2_sf_7_20260903131748_00001.pcap,05cf29bb0d972d1edfc8acb701946f43b927881dc667aa630b2624f325ff6818,0,120.0,1201,14,1.4s (at 10 Hz),True,0.9480138888888889,4.684750100586469e-05,1,668.5457462238305,10.28,/Users/david/code/velocity.report/data/experiments/try/l3-settling-sweep/raw/embarcadero-folsom__neighbour_confirmation_count-3_noise_relative-0.05__o0.json,
2026-09-18T02:26:08-0700,de78dd6fba779f902afc3972f846be1b58fd3a38,franklin-mcallister,neighbour_confirmation_count=1.0|noise_relative=0.02,"{""neighbour_confirmation_count"": 1.0, ""noise_relative"": 0.02}",s2/s2_sf_6_20260903103552_00008.pcap,cc8709a8862b42d34e4838772f4ae92c9a7f8fa0f73f9d08689937eb38e0962d,0,120.0,,,,,,,,,0.19,,"auto-detected UDP port 2369
settling-eval: load tuning config /Users/david/code/velocity.report/data/experiments/try/l3-settling-sweep/configs/franklin-mcallister__neighbour_confirmation_count-1.0_noise_relative-0.02__o0.json: failed to parse config JSON: config: l3.ema_baseline_v1: json: cannot unmarshal number 1.0 into Go struct field L3EmaBaselineV1.L3Common.neighbour_confirmation_count of type int"
2026-09-18T02:26:08-0700,de78dd6fba779f902afc3972f846be1b58fd3a38,franklin-mcallister,neighbour_confirmation_count=1.0|noise_relative=0.05,"{""neighbour_confirmation_count"": 1.0, ""noise_relative"": 0.05}",s2/s2_sf_6_20260903103552_00008.pcap,cc8709a8862b42d34e4838772f4ae92c9a7f8fa0f73f9d08689937eb38e0962d,0,120.0,,,,,,,,,0.02,,"auto-detected UDP port 2369
settling-eval: load tuning config /Users/david/code/velocity.report/data/experiments/try/l3-settling-sweep/configs/franklin-mcallister__neighbour_confirmation_count-1.0_noise_relative-0.05__o0.json: failed to parse config JSON: config: l3.ema_baseline_v1: json: cannot unmarshal number 1.0 into Go struct field L3EmaBaselineV1.L3Common.neighbour_confirmation_count of type int"
2026-09-18T02:26:19-0700,de78dd6fba779f902afc3972f846be1b58fd3a38,franklin-mcallister,neighbour_confirmation_count=3|noise_relative=0.02,"{""neighbour_confirmation_count"": 3, ""noise_relative"": 0.02}",s2/s2_sf_6_20260903103552_00008.pcap,cc8709a8862b42d34e4838772f4ae92c9a7f8fa0f73f9d08689937eb38e0962d,0,120.0,1200,11,1.1s (at 10 Hz),True,0.9855138888888889,0.0001360881258968183,1,585.6157391096016,11.34,/Users/david/code/velocity.report/data/experiments/try/l3-settling-sweep/raw/franklin-mcallister__neighbour_confirmation_count-3_noise_relative-0.02__o0.json,
2026-09-18T02:26:30-0700,de78dd6fba779f902afc3972f846be1b58fd3a38,franklin-mcallister,neighbour_confirmation_count=3|noise_relative=0.05,"{""neighbour_confirmation_count"": 3, ""noise_relative"": 0.05}",s2/s2_sf_6_20260903103552_00008.pcap,cc8709a8862b42d34e4838772f4ae92c9a7f8fa0f73f9d08689937eb38e0962d,0,120.0,1200,11,1.1s (at 10 Hz),True,0.9892638888888889,0.0004513429816745226,1,641.3903154702571,10.78,/Users/david/code/velocity.report/data/experiments/try/l3-settling-sweep/raw/franklin-mcallister__neighbour_confirmation_count-3_noise_relative-0.05__o0.json,
2026-09-18T02:26:30-0700,de78dd6fba779f902afc3972f846be1b58fd3a38,fulton-divisadero,neighbour_confirmation_count=1.0|noise_relative=0.02,"{""neighbour_confirmation_count"": 1.0, ""noise_relative"": 0.02}",s2/s2-1_20260901135850_00015.pcap,9ae37cfd7a00343c35d86014131c68abae7950283154f43485dea798a372c870,0,120.0,,,,,,,,,0.18,,"auto-detected UDP port 2369
settling-eval: load tuning config /Users/david/code/velocity.report/data/experiments/try/l3-settling-sweep/configs/fulton-divisadero__neighbour_confirmation_count-1.0_noise_relative-0.02__o0.json: failed to parse config JSON: config: l3.ema_baseline_v1: json: cannot unmarshal number 1.0 into Go struct field L3EmaBaselineV1.L3Common.neighbour_confirmation_count of type int"
2026-09-18T02:26:30-0700,de78dd6fba779f902afc3972f846be1b58fd3a38,fulton-divisadero,neighbour_confirmation_count=1.0|noise_relative=0.05,"{""neighbour_confirmation_count"": 1.0, ""noise_relative"": 0.05}",s2/s2-1_20260901135850_00015.pcap,9ae37cfd7a00343c35d86014131c68abae7950283154f43485dea798a372c870,0,120.0,,,,,,,,,0.02,,"auto-detected UDP port 2369
settling-eval: load tuning config /Users/david/code/velocity.report/data/experiments/try/l3-settling-sweep/configs/fulton-divisadero__neighbour_confirmation_count-1.0_noise_relative-0.05__o0.json: failed to parse config JSON: config: l3.ema_baseline_v1: json: cannot unmarshal number 1.0 into Go struct field L3EmaBaselineV1.L3Common.neighbour_confirmation_count of type int"
2026-09-18T02:26:41-0700,de78dd6fba779f902afc3972f846be1b58fd3a38,fulton-divisadero,neighbour_confirmation_count=3|noise_relative=0.02,"{""neighbour_confirmation_count"": 3, ""noise_relative"": 0.02}",s2/s2-1_20260901135850_00015.pcap,9ae37cfd7a00343c35d86014131c68abae7950283154f43485dea798a372c870,0,120.0,1200,11,1.1s (at 10 Hz),True,0.976375,0.00011451661802288548,1,755.9601701304429,11.01,/Users/david/code/velocity.report/data/experiments/try/l3-settling-sweep/raw/fulton-divisadero__neighbour_confirmation_count-3_noise_relative-0.02__o0.json,
2026-09-18T02:26:52-0700,de78dd6fba779f902afc3972f846be1b58fd3a38,fulton-divisadero,neighbour_confirmation_count=3|noise_relative=0.05,"{""neighbour_confirmation_count"": 3, ""noise_relative"": 0.05}",s2/s2-1_20260901135850_00015.pcap,9ae37cfd7a00343c35d86014131c68abae7950283154f43485dea798a372c870,0,120.0,1200,18,1.8s (at 10 Hz),True,0.9827361111111111,0.00038163401274084646,1,838.9890894187148,10.72,/Users/david/code/velocity.report/data/experiments/try/l3-settling-sweep/raw/fulton-divisadero__neighbour_confirmation_count-3_noise_relative-0.05__o0.json,
2026-09-18T02:26:52-0700,de78dd6fba779f902afc3972f846be1b58fd3a38,haight-divisadero,neighbour_confirmation_count=1.0|noise_relative=0.02,"{""neighbour_confirmation_count"": 1.0, ""noise_relative"": 0.02}",s2/s2-1_20260901125845_00003.pcap,3e92f3723bd8131d6e0c6865d00517df7c2f634856f2ac0cd2c8fd2fd463bb28,0,120.0,,,,,,,,,0.17,,"auto-detected UDP port 2369
settling-eval: load tuning config /Users/david/code/velocity.report/data/experiments/try/l3-settling-sweep/configs/haight-divisadero__neighbour_confirmation_count-1.0_noise_relative-0.02__o0.json: failed to parse config JSON: config: l3.ema_baseline_v1: json: cannot unmarshal number 1.0 into Go struct field L3EmaBaselineV1.L3Common.neighbour_confirmation_count of type int"
2026-09-18T02:26:52-0700,de78dd6fba779f902afc3972f846be1b58fd3a38,haight-divisadero,neighbour_confirmation_count=1.0|noise_relative=0.05,"{""neighbour_confirmation_count"": 1.0, ""noise_relative"": 0.05}",s2/s2-1_20260901125845_00003.pcap,3e92f3723bd8131d6e0c6865d00517df7c2f634856f2ac0cd2c8fd2fd463bb28,0,120.0,,,,,,,,,0.02,,"auto-detected UDP port 2369
settling-eval: load tuning config /Users/david/code/velocity.report/data/experiments/try/l3-settling-sweep/configs/haight-divisadero__neighbour_confirmation_count-1.0_noise_relative-0.05__o0.json: failed to parse config JSON: config: l3.ema_baseline_v1: json: cannot unmarshal number 1.0 into Go struct field L3EmaBaselineV1.L3Common.neighbour_confirmation_count of type int"
2026-09-18T02:27:03-0700,de78dd6fba779f902afc3972f846be1b58fd3a38,haight-divisadero,neighbour_confirmation_count=3|noise_relative=0.02,"{""neighbour_confirmation_count"": 3, ""noise_relative"": 0.02}",s2/s2-1_20260901125845_00003.pcap,3e92f3723bd8131d6e0c6865d00517df7c2f634856f2ac0cd2c8fd2fd463bb28,0,120.0,1200,11,1.1s (at 10 Hz),True,0.9827361111111111,8.322743759553662e-05,1,751.0933900532809,11.17,/Users/david/code/velocity.report/data/experiments/try/l3-settling-sweep/raw/haight-divisadero__neighbour_confirmation_count-3_noise_relative-0.02__o0.json,
2026-09-18T02:27:14-0700,de78dd6fba779f902afc3972f846be1b58fd3a38,haight-divisadero,neighbour_confirmation_count=3|noise_relative=0.05,"{""neighbour_confirmation_count"": 3, ""noise_relative"": 0.05}",s2/s2-1_20260901125845_00003.pcap,3e92f3723bd8131d6e0c6865d00517df7c2f634856f2ac0cd2c8fd2fd463bb28,0,120.0,1200,11,1.1s (at 10 Hz),True,0.9835555555555555,0.00015371047224024297,1,784.2658156348848,10.83,/Users/david/code/velocity.report/data/experiments/try/l3-settling-sweep/raw/haight-divisadero__neighbour_confirmation_count-3_noise_relative-0.05__o0.json,
2026-09-18T02:27:14-0700,de78dd6fba779f902afc3972f846be1b58fd3a38,howard-6th,neighbour_confirmation_count=1.0|noise_relative=0.02,"{""neighbour_confirmation_count"": 1.0, ""noise_relative"": 0.02}",s2/s2_sf_8_20260903155043_00025.pcap,f1430cebc207062edba56c8f3d4e594ccc3f5a2ec3481af58ba2e5aa0390d25d,0,120.0,,,,,,,,,0.19,,"auto-detected UDP port 2369
settling-eval: load tuning config /Users/david/code/velocity.report/data/experiments/try/l3-settling-sweep/configs/howard-6th__neighbour_confirmation_count-1.0_noise_relative-0.02__o0.json: failed to parse config JSON: config: l3.ema_baseline_v1: json: cannot unmarshal number 1.0 into Go struct field L3EmaBaselineV1.L3Common.neighbour_confirmation_count of type int"
2026-09-18T02:27:14-0700,de78dd6fba779f902afc3972f846be1b58fd3a38,howard-6th,neighbour_confirmation_count=1.0|noise_relative=0.05,"{""neighbour_confirmation_count"": 1.0, ""noise_relative"": 0.05}",s2/s2_sf_8_20260903155043_00025.pcap,f1430cebc207062edba56c8f3d4e594ccc3f5a2ec3481af58ba2e5aa0390d25d,0,120.0,,,,,,,,,0.02,,"auto-detected UDP port 2369
settling-eval: load tuning config /Users/david/code/velocity.report/data/experiments/try/l3-settling-sweep/configs/howard-6th__neighbour_confirmation_count-1.0_noise_relative-0.05__o0.json: failed to parse config JSON: config: l3.ema_baseline_v1: json: cannot unmarshal number 1.0 into Go struct field L3EmaBaselineV1.L3Common.neighbour_confirmation_count of type int"
2026-09-18T02:27:25-0700,de78dd6fba779f902afc3972f846be1b58fd3a38,howard-6th,neighbour_confirmation_count=3|noise_relative=0.02,"{""neighbour_confirmation_count"": 3, ""noise_relative"": 0.02}",s2/s2_sf_8_20260903155043_00025.pcap,f1430cebc207062edba56c8f3d4e594ccc3f5a2ec3481af58ba2e5aa0390d25d,0,120.0,1200,11,1.1s (at 10 Hz),True,0.9795416666666666,0.0001363334415199612,1,747.5720929573072,11.0,/Users/david/code/velocity.report/data/experiments/try/l3-settling-sweep/raw/howard-6th__neighbour_confirmation_count-3_noise_relative-0.02__o0.json,
2026-09-18T02:27:36-0700,de78dd6fba779f902afc3972f846be1b58fd3a38,howard-6th,neighbour_confirmation_count=3|noise_relative=0.05,"{""neighbour_confirmation_count"": 3, ""noise_relative"": 0.05}",s2/s2_sf_8_20260903155043_00025.pcap,f1430cebc207062edba56c8f3d4e594ccc3f5a2ec3481af58ba2e5aa0390d25d,0,120.0,1200,11,1.1s (at 10 Hz),True,0.9813333333333333,0.00032341743899743557,1,820.7108808876811,10.79,/Users/david/code/velocity.report/data/experiments/try/l3-settling-sweep/raw/howard-6th__neighbour_confirmation_count-3_noise_relative-0.05__o0.json,
2026-09-18T02:27:36-0700,de78dd6fba779f902afc3972f846be1b58fd3a38,hyde-ofarrell,neighbour_confirmation_count=1.0|noise_relative=0.02,"{""neighbour_confirmation_count"": 1.0, ""noise_relative"": 0.02}",s2/s2_sf_6_20260903110555_00014.pcap,9d86ffa150130ad2490d90bf45b01f42ec3609b222745c1cd39b5d9ca251aee7,0,120.0,,,,,,,,,0.18,,"auto-detected UDP port 2369
settling-eval: load tuning config /Users/david/code/velocity.report/data/experiments/try/l3-settling-sweep/configs/hyde-ofarrell__neighbour_confirmation_count-1.0_noise_relative-0.02__o0.json: failed to parse config JSON: config: l3.ema_baseline_v1: json: cannot unmarshal number 1.0 into Go struct field L3EmaBaselineV1.L3Common.neighbour_confirmation_count of type int"
2026-09-18T02:27:36-0700,de78dd6fba779f902afc3972f846be1b58fd3a38,hyde-ofarrell,neighbour_confirmation_count=1.0|noise_relative=0.05,"{""neighbour_confirmation_count"": 1.0, ""noise_relative"": 0.05}",s2/s2_sf_6_20260903110555_00014.pcap,9d86ffa150130ad2490d90bf45b01f42ec3609b222745c1cd39b5d9ca251aee7,0,120.0,,,,,,,,,0.02,,"auto-detected UDP port 2369
settling-eval: load tuning config /Users/david/code/velocity.report/data/experiments/try/l3-settling-sweep/configs/hyde-ofarrell__neighbour_confirmation_count-1.0_noise_relative-0.05__o0.json: failed to parse config JSON: config: l3.ema_baseline_v1: json: cannot unmarshal number 1.0 into Go struct field L3EmaBaselineV1.L3Common.neighbour_confirmation_count of type int"
2026-09-18T02:27:47-0700,de78dd6fba779f902afc3972f846be1b58fd3a38,hyde-ofarrell,neighbour_confirmation_count=3|noise_relative=0.02,"{""neighbour_confirmation_count"": 3, ""noise_relative"": 0.02}",s2/s2_sf_6_20260903110555_00014.pcap,9d86ffa150130ad2490d90bf45b01f42ec3609b222745c1cd39b5d9ca251aee7,0,120.0,1200,11,1.1s (at 10 Hz),True,0.988125,0.0001341126496904521,1,707.9749525616699,11.09,/Users/david/code/velocity.report/data/experiments/try/l3-settling-sweep/raw/hyde-ofarrell__neighbour_confirmation_count-3_noise_relative-0.02__o0.json,
2026-09-18T02:27:58-0700,de78dd6fba779f902afc3972f846be1b58fd3a38,hyde-ofarrell,neighbour_confirmation_count=3|noise_relative=0.05,"{""neighbour_confirmation_count"": 3, ""noise_relative"": 0.05}",s2/s2_sf_6_20260903110555_00014.pcap,9d86ffa150130ad2490d90bf45b01f42ec3609b222745c1cd39b5d9ca251aee7,0,120.0,1200,11,1.1s (at 10 Hz),True,0.9904861111111111,0.00039126496875008216,1,784.3616910888312,11.12,/Users/david/code/velocity.report/data/experiments/try/l3-settling-sweep/raw/hyde-ofarrell__neighbour_confirmation_count-3_noise_relative-0.05__o0.json,
2026-09-18T02:27:59-0700,de78dd6fba779f902afc3972f846be1b58fd3a38,laguna-eddy,neighbour_confirmation_count=1.0|noise_relative=0.02,"{""neighbour_confirmation_count"": 1.0, ""noise_relative"": 0.02}",s2/s2-1_20260901154400_00036.pcap,d08c66075818462dd641ddead01eeacfa9199599fc63bcf6e23c25c784b29a53,0,120.0,,,,,,,,,0.16,,"auto-detected UDP port 2369
settling-eval: load tuning config /Users/david/code/velocity.report/data/experiments/try/l3-settling-sweep/configs/laguna-eddy__neighbour_confirmation_count-1.0_noise_relative-0.02__o0.json: failed to parse config JSON: config: l3.ema_baseline_v1: json: cannot unmarshal number 1.0 into Go struct field L3EmaBaselineV1.L3Common.neighbour_confirmation_count of type int"
2026-09-18T02:27:59-0700,de78dd6fba779f902afc3972f846be1b58fd3a38,laguna-eddy,neighbour_confirmation_count=1.0|noise_relative=0.05,"{""neighbour_confirmation_count"": 1.0, ""noise_relative"": 0.05}",s2/s2-1_20260901154400_00036.pcap,d08c66075818462dd641ddead01eeacfa9199599fc63bcf6e23c25c784b29a53,0,120.0,,,,,,,,,0.02,,"auto-detected UDP port 2369
settling-eval: load tuning config /Users/david/code/velocity.report/data/experiments/try/l3-settling-sweep/configs/laguna-eddy__neighbour_confirmation_count-1.0_noise_relative-0.05__o0.json: failed to parse config JSON: config: l3.ema_baseline_v1: json: cannot unmarshal number 1.0 into Go struct field L3EmaBaselineV1.L3Common.neighbour_confirmation_count of type int"
2026-09-18T02:28:10-0700,de78dd6fba779f902afc3972f846be1b58fd3a38,laguna-eddy,neighbour_confirmation_count=3|noise_relative=0.02,"{""neighbour_confirmation_count"": 3, ""noise_relative"": 0.02}",s2/s2-1_20260901154400_00036.pcap,d08c66075818462dd641ddead01eeacfa9199599fc63bcf6e23c25c784b29a53,0,120.0,1200,11,1.1s (at 10 Hz),True,0.9928055555555556,0.00012865336044708283,1,734.580635684508,11.2,/Users/david/code/velocity.report/data/experiments/try/l3-settling-sweep/raw/laguna-eddy__neighbour_confirmation_count-3_noise_relative-0.02__o0.json,
2026-09-18T02:28:21-0700,de78dd6fba779f902afc3972f846be1b58fd3a38,laguna-eddy,neighbour_confirmation_count=3|noise_relative=0.05,"{""neighbour_confirmation_count"": 3, ""noise_relative"": 0.05}",s2/s2-1_20260901154400_00036.pcap,d08c66075818462dd641ddead01eeacfa9199599fc63bcf6e23c25c784b29a53,0,120.0,1200,11,1.1s (at 10 Hz),True,0.9943055555555556,0.00028100076915683675,1,822.0504819108814,10.85,/Users/david/code/velocity.report/data/experiments/try/l3-settling-sweep/raw/laguna-eddy__neighbour_confirmation_count-3_noise_relative-0.05__o0.json,
2026-09-18T02:28:21-0700,de78dd6fba779f902afc3972f846be1b58fd3a38,lombard-broderick,neighbour_confirmation_count=1.0|noise_relative=0.02,"{""neighbour_confirmation_count"": 1.0, ""noise_relative"": 0.02}",s2/s2_sf_2_20260902093822_00003.pcap,05ba919df8d00872adac04ca09b5c6c29f42c1975b9aa2bc5dad57f612a903e5,0,120.0,,,,,,,,,0.12,,"auto-detected UDP port 2369
settling-eval: load tuning config /Users/david/code/velocity.report/data/experiments/try/l3-settling-sweep/configs/lombard-broderick__neighbour_confirmation_count-1.0_noise_relative-0.02__o0.json: failed to parse config JSON: config: l3.ema_baseline_v1: json: cannot unmarshal number 1.0 into Go struct field L3EmaBaselineV1.L3Common.neighbour_confirmation_count of type int"
2026-09-18T02:28:21-0700,de78dd6fba779f902afc3972f846be1b58fd3a38,lombard-broderick,neighbour_confirmation_count=1.0|noise_relative=0.05,"{""neighbour_confirmation_count"": 1.0, ""noise_relative"": 0.05}",s2/s2_sf_2_20260902093822_00003.pcap,05ba919df8d00872adac04ca09b5c6c29f42c1975b9aa2bc5dad57f612a903e5,0,120.0,,,,,,,,,0.02,,"auto-detected UDP port 2369
settling-eval: load tuning config /Users/david/code/velocity.report/data/experiments/try/l3-settling-sweep/configs/lombard-broderick__neighbour_confirmation_count-1.0_noise_relative-0.05__o0.json: failed to parse config JSON: config: l3.ema_baseline_v1: json: cannot unmarshal number 1.0 into Go struct field L3EmaBaselineV1.L3Common.neighbour_confirmation_count of type int"
2026-09-18T02:28:32-0700,de78dd6fba779f902afc3972f846be1b58fd3a38,lombard-broderick,neighbour_confirmation_count=3|noise_relative=0.02,"{""neighbour_confirmation_count"": 3, ""noise_relative"": 0.02}",s2/s2_sf_2_20260902093822_00003.pcap,05ba919df8d00872adac04ca09b5c6c29f42c1975b9aa2bc5dad57f612a903e5,0,120.0,1200,11,1.1s (at 10 Hz),True,0.9718611111111111,0.0001401926342319209,1,680.1063109154829,10.74,/Users/david/code/velocity.report/data/experiments/try/l3-settling-sweep/raw/lombard-broderick__neighbour_confirmation_count-3_noise_relative-0.02__o0.json,
2026-09-18T02:28:42-0700,de78dd6fba779f902afc3972f846be1b58fd3a38,lombard-broderick,neighbour_confirmation_count=3|noise_relative=0.05,"{""neighbour_confirmation_count"": 3, ""noise_relative"": 0.05}",s2/s2_sf_2_20260902093822_00003.pcap,05ba919df8d00872adac04ca09b5c6c29f42c1975b9aa2bc5dad57f612a903e5,0,120.0,1200,11,1.1s (at 10 Hz),True,0.9756666666666667,0.00026997419214216516,1,719.3951571574992,10.62,/Users/david/code/velocity.report/data/experiments/try/l3-settling-sweep/raw/lombard-broderick__neighbour_confirmation_count-3_noise_relative-0.05__o0.json,
2026-09-18T02:28:42-0700,de78dd6fba779f902afc3972f846be1b58fd3a38,lombard-laguna,neighbour_confirmation_count=1.0|noise_relative=0.02,"{""neighbour_confirmation_count"": 1.0, ""noise_relative"": 0.02}",s2/s2_sf_2_20260902105830_00019.pcap,7f76cb4a1e38c62a44200b9ca915633b1d74f530b75b6ca591ceaeabf4c02999,0,120.0,,,,,,,,,0.16,,"auto-detected UDP port 2369
settling-eval: load tuning config /Users/david/code/velocity.report/data/experiments/try/l3-settling-sweep/configs/lombard-laguna__neighbour_confirmation_count-1.0_noise_relative-0.02__o0.json: failed to parse config JSON: config: l3.ema_baseline_v1: json: cannot unmarshal number 1.0 into Go struct field L3EmaBaselineV1.L3Common.neighbour_confirmation_count of type int"
2026-09-18T02:28:42-0700,de78dd6fba779f902afc3972f846be1b58fd3a38,lombard-laguna,neighbour_confirmation_count=1.0|noise_relative=0.05,"{""neighbour_confirmation_count"": 1.0, ""noise_relative"": 0.05}",s2/s2_sf_2_20260902105830_00019.pcap,7f76cb4a1e38c62a44200b9ca915633b1d74f530b75b6ca591ceaeabf4c02999,0,120.0,,,,,,,,,0.02,,"auto-detected UDP port 2369
settling-eval: load tuning config /Users/david/code/velocity.report/data/experiments/try/l3-settling-sweep/configs/lombard-laguna__neighbour_confirmation_count-1.0_noise_relative-0.05__o0.json: failed to parse config JSON: config: l3.ema_baseline_v1: json: cannot unmarshal number 1.0 into Go struct field L3EmaBaselineV1.L3Common.neighbour_confirmation_count of type int"
2026-09-18T02:28:53-0700,de78dd6fba779f902afc3972f846be1b58fd3a38,lombard-laguna,neighbour_confirmation_count=3|noise_relative=0.02,"{""neighbour_confirmation_count"": 3, ""noise_relative"": 0.02}",s2/s2_sf_2_20260902105830_00019.pcap,7f76cb4a1e38c62a44200b9ca915633b1d74f530b75b6ca591ceaeabf4c02999,0,120.0,1201,12,1.2s (at 10 Hz),True,0.9583194444444444,5.417537992389921e-06,1,699.3790924506152,10.85,/Users/david/code/velocity.report/data/experiments/try/l3-settling-sweep/raw/lombard-laguna__neighbour_confirmation_count-3_noise_relative-0.02__o0.json,
2026-09-18T02:29:04-0700,de78dd6fba779f902afc3972f846be1b58fd3a38,lombard-laguna,neighbour_confirmation_count=3|noise_relative=0.05,"{""neighbour_confirmation_count"": 3, ""noise_relative"": 0.05}",s2/s2_sf_2_20260902105830_00019.pcap,7f76cb4a1e38c62a44200b9ca915633b1d74f530b75b6ca591ceaeabf4c02999,0,120.0,1201,15,1.5s (at 10 Hz),True,0.9666944444444444,0.00017167617309160661,1,760.5680440217235,10.48,/Users/david/code/velocity.report/data/experiments/try/l3-settling-sweep/raw/lombard-laguna__neighbour_confirmation_count-3_noise_relative-0.05__o0.json,
2026-09-18T02:29:04-0700,de78dd6fba779f902afc3972f846be1b58fd3a38,marina-broderick,neighbour_confirmation_count=1.0|noise_relative=0.02,"{""neighbour_confirmation_count"": 1.0, ""noise_relative"": 0.02}",s2/s2_sf_2_20260902100324_00008.pcap,2c47606887cf5d89a1f909d1a5e6eb47e105242c3e0b657cb64e216d803df611,0,120.0,,,,,,,,,0.26,,"auto-detected UDP port 2369
settling-eval: load tuning config /Users/david/code/velocity.report/data/experiments/try/l3-settling-sweep/configs/marina-broderick__neighbour_confirmation_count-1.0_noise_relative-0.02__o0.json: failed to parse config JSON: config: l3.ema_baseline_v1: json: cannot unmarshal number 1.0 into Go struct field L3EmaBaselineV1.L3Common.neighbour_confirmation_count of type int"
2026-09-18T02:29:04-0700,de78dd6fba779f902afc3972f846be1b58fd3a38,marina-broderick,neighbour_confirmation_count=1.0|noise_relative=0.05,"{""neighbour_confirmation_count"": 1.0, ""noise_relative"": 0.05}",s2/s2_sf_2_20260902100324_00008.pcap,2c47606887cf5d89a1f909d1a5e6eb47e105242c3e0b657cb64e216d803df611,0,120.0,,,,,,,,,0.02,,"auto-detected UDP port 2369
settling-eval: load tuning config /Users/david/code/velocity.report/data/experiments/try/l3-settling-sweep/configs/marina-broderick__neighbour_confirmation_count-1.0_noise_relative-0.05__o0.json: failed to parse config JSON: config: l3.ema_baseline_v1: json: cannot unmarshal number 1.0 into Go struct field L3EmaBaselineV1.L3Common.neighbour_confirmation_count of type int"
2026-09-18T02:29:13-0700,de78dd6fba779f902afc3972f846be1b58fd3a38,marina-broderick,neighbour_confirmation_count=3|noise_relative=0.02,"{""neighbour_confirmation_count"": 3, ""noise_relative"": 0.02}",s2/s2_sf_2_20260902100324_00008.pcap,2c47606887cf5d89a1f909d1a5e6eb47e105242c3e0b657cb64e216d803df611,0,120.0,1200,693,69.3s (at 10 Hz),True,0.837,8.48134235269319e-05,1,712.5089107925129,8.61,/Users/david/code/velocity.report/data/experiments/try/l3-settling-sweep/raw/marina-broderick__neighbour_confirmation_count-3_noise_relative-0.02__o0.json,
2026-09-18T02:29:21-0700,de78dd6fba779f902afc3972f846be1b58fd3a38,marina-broderick,neighbour_confirmation_count=3|noise_relative=0.05,"{""neighbour_confirmation_count"": 3, ""noise_relative"": 0.05}",s2/s2_sf_2_20260902100324_00008.pcap,2c47606887cf5d89a1f909d1a5e6eb47e105242c3e0b657cb64e216d803df611,0,120.0,1200,504,50.4s (at 10 Hz),True,0.8415416666666666,0.0003201547665946808,1,749.6254229175951,8.65,/Users/david/code/velocity.report/data/experiments/try/l3-settling-sweep/raw/marina-broderick__neighbour_confirmation_count-3_noise_relative-0.05__o0.json,
2026-09-18T02:29:22-0700,de78dd6fba779f902afc3972f846be1b58fd3a38,marina-webster-beach,neighbour_confirmation_count=1.0|noise_relative=0.02,"{""neighbour_confirmation_count"": 1.0, ""noise_relative"": 0.02}",s2/s2_sf_2_20260902102827_00013.pcap,698d2bcd123707097ed0105ee48456b81c77ba3ecceaf39e688547bcb875767e,0,120.0,,,,,,,,,0.23,,"auto-detected UDP port 2369
settling-eval: load tuning config /Users/david/code/velocity.report/data/experiments/try/l3-settling-sweep/configs/marina-webster-beach__neighbour_confirmation_count-1.0_noise_relative-0.02__o0.json: failed to parse config JSON: config: l3.ema_baseline_v1: json: cannot unmarshal number 1.0 into Go struct field L3EmaBaselineV1.L3Common.neighbour_confirmation_count of type int"
2026-09-18T02:29:22-0700,de78dd6fba779f902afc3972f846be1b58fd3a38,marina-webster-beach,neighbour_confirmation_count=1.0|noise_relative=0.05,"{""neighbour_confirmation_count"": 1.0, ""noise_relative"": 0.05}",s2/s2_sf_2_20260902102827_00013.pcap,698d2bcd123707097ed0105ee48456b81c77ba3ecceaf39e688547bcb875767e,0,120.0,,,,,,,,,0.02,,"auto-detected UDP port 2369
settling-eval: load tuning config /Users/david/code/velocity.report/data/experiments/try/l3-settling-sweep/configs/marina-webster-beach__neighbour_confirmation_count-1.0_noise_relative-0.05__o0.json: failed to parse config JSON: config: l3.ema_baseline_v1: json: cannot unmarshal number 1.0 into Go struct field L3EmaBaselineV1.L3Common.neighbour_confirmation_count of type int"
2026-09-18T02:29:30-0700,de78dd6fba779f902afc3972f846be1b58fd3a38,marina-webster-beach,neighbour_confirmation_count=3|noise_relative=0.02,"{""neighbour_confirmation_count"": 3, ""noise_relative"": 0.02}",s2/s2_sf_2_20260902102827_00013.pcap,698d2bcd123707097ed0105ee48456b81c77ba3ecceaf39e688547bcb875767e,0,120.0,1201,565,56.5s (at 10 Hz),True,0.8145416666666667,0.0001156651833571013,1,692.8203147646086,8.75,/Users/david/code/velocity.report/data/experiments/try/l3-settling-sweep/raw/marina-webster-beach__neighbour_confirmation_count-3_noise_relative-0.02__o0.json,
2026-09-18T02:29:39-0700,de78dd6fba779f902afc3972f846be1b58fd3a38,marina-webster-beach,neighbour_confirmation_count=3|noise_relative=0.05,"{""neighbour_confirmation_count"": 3, ""noise_relative"": 0.05}",s2/s2_sf_2_20260902102827_00013.pcap,698d2bcd123707097ed0105ee48456b81c77ba3ecceaf39e688547bcb875767e,0,120.0,1201,186,18.6s (at 10 Hz),True,0.8177638888888888,0.00021868170145691849,1,778.1667827238914,8.64,/Users/david/code/velocity.report/data/experiments/try/l3-settling-sweep/raw/marina-webster-beach__neighbour_confirmation_count-3_noise_relative-0.05__o0.json,
2026-09-18T02:29:39-0700,de78dd6fba779f902afc3972f846be1b58fd3a38,pierce-haight,neighbour_confirmation_count=1.0|noise_relative=0.02,"{""neighbour_confirmation_count"": 1.0, ""noise_relative"": 0.02}",s2/s2-1_20260901132347_00008.pcap,c9b3b0f8d58807fdf7fbd7e6212bf0e758646dcdca406146754d5863e8e70b6f,0,120.0,,,,,,,,,0.18,,"auto-detected UDP port 2369
settling-eval: load tuning config /Users/david/code/velocity.report/data/experiments/try/l3-settling-sweep/configs/pierce-haight__neighbour_confirmation_count-1.0_noise_relative-0.02__o0.json: failed to parse config JSON: config: l3.ema_baseline_v1: json: cannot unmarshal number 1.0 into Go struct field L3EmaBaselineV1.L3Common.neighbour_confirmation_count of type int"
2026-09-18T02:29:39-0700,de78dd6fba779f902afc3972f846be1b58fd3a38,pierce-haight,neighbour_confirmation_count=1.0|noise_relative=0.05,"{""neighbour_confirmation_count"": 1.0, ""noise_relative"": 0.05}",s2/s2-1_20260901132347_00008.pcap,c9b3b0f8d58807fdf7fbd7e6212bf0e758646dcdca406146754d5863e8e70b6f,0,120.0,,,,,,,,,0.02,,"auto-detected UDP port 2369
settling-eval: load tuning config /Users/david/code/velocity.report/data/experiments/try/l3-settling-sweep/configs/pierce-haight__neighbour_confirmation_count-1.0_noise_relative-0.05__o0.json: failed to parse config JSON: config: l3.ema_baseline_v1: json: cannot unmarshal number 1.0 into Go struct field L3EmaBaselineV1.L3Common.neighbour_confirmation_count of type int"
2026-09-18T02:29:50-0700,de78dd6fba779f902afc3972f846be1b58fd3a38,pierce-haight,neighbour_confirmation_count=3|noise_relative=0.02,"{""neighbour_confirmation_count"": 3, ""noise_relative"": 0.02}",s2/s2-1_20260901132347_00008.pcap,c9b3b0f8d58807fdf7fbd7e6212bf0e758646dcdca406146754d5863e8e70b6f,0,120.0,1200,11,1.1s (at 10 Hz),True,0.9902361111111111,6.778743267091721e-05,1,474.04878185617906,10.97,/Users/david/code/velocity.report/data/experiments/try/l3-settling-sweep/raw/pierce-haight__neighbour_confirmation_count-3_noise_relative-0.02__o0.json,
2026-09-18T02:30:01-0700,de78dd6fba779f902afc3972f846be1b58fd3a38,pierce-haight,neighbour_confirmation_count=3|noise_relative=0.05,"{""neighbour_confirmation_count"": 3, ""noise_relative"": 0.05}",s2/s2-1_20260901132347_00008.pcap,c9b3b0f8d58807fdf7fbd7e6212bf0e758646dcdca406146754d5863e8e70b6f,0,120.0,1200,11,1.1s (at 10 Hz),True,0.9930833333333333,0.000170625652679274,1,641.1784145898017,11.01,/Users/david/code/velocity.report/data/experiments/try/l3-settling-sweep/raw/pierce-haight__neighbour_confirmation_count-3_noise_relative-0.05__o0.json,
2026-09-18T02:30:01-0700,de78dd6fba779f902afc3972f846be1b58fd3a38,van-ness-sacramento,neighbour_confirmation_count=1.0|noise_relative=0.02,"{""neighbour_confirmation_count"": 1.0, ""noise_relative"": 0.02}",s2/s2_sf_4_20260902142714_00001.pcap,19a42e6d2a12d9cb261079e88d76a0c7ac6a5a6ff3e8e90fad3c62980d212e27,0,120.0,,,,,,,,,0.13,,"auto-detected UDP port 2369
settling-eval: load tuning config /Users/david/code/velocity.report/data/experiments/try/l3-settling-sweep/configs/van-ness-sacramento__neighbour_confirmation_count-1.0_noise_relative-0.02__o0.json: failed to parse config JSON: config: l3.ema_baseline_v1: json: cannot unmarshal number 1.0 into Go struct field L3EmaBaselineV1.L3Common.neighbour_confirmation_count of type int"
2026-09-18T02:30:01-0700,de78dd6fba779f902afc3972f846be1b58fd3a38,van-ness-sacramento,neighbour_confirmation_count=1.0|noise_relative=0.05,"{""neighbour_confirmation_count"": 1.0, ""noise_relative"": 0.05}",s2/s2_sf_4_20260902142714_00001.pcap,19a42e6d2a12d9cb261079e88d76a0c7ac6a5a6ff3e8e90fad3c62980d212e27,0,120.0,,,,,,,,,0.02,,"auto-detected UDP port 2369
settling-eval: load tuning config /Users/david/code/velocity.report/data/experiments/try/l3-settling-sweep/configs/van-ness-sacramento__neighbour_confirmation_count-1.0_noise_relative-0.05__o0.json: failed to parse config JSON: config: l3.ema_baseline_v1: json: cannot unmarshal number 1.0 into Go struct field L3EmaBaselineV1.L3Common.neighbour_confirmation_count of type int"
2026-09-18T02:30:12-0700,de78dd6fba779f902afc3972f846be1b58fd3a38,van-ness-sacramento,neighbour_confirmation_count=3|noise_relative=0.02,"{""neighbour_confirmation_count"": 3, ""noise_relative"": 0.02}",s2/s2_sf_4_20260902142714_00001.pcap,19a42e6d2a12d9cb261079e88d76a0c7ac6a5a6ff3e8e90fad3c62980d212e27,0,120.0,1200,12,1.2s (at 10 Hz),True,0.9799166666666667,0.0003384488741584794,1,332.6463985032741,10.88,/Users/david/code/velocity.report/data/experiments/try/l3-settling-sweep/raw/van-ness-sacramento__neighbour_confirmation_count-3_noise_relative-0.02__o0.json,
2026-09-18T02:30:23-0700,de78dd6fba779f902afc3972f846be1b58fd3a38,van-ness-sacramento,neighbour_confirmation_count=3|noise_relative=0.05,"{""neighbour_confirmation_count"": 3, ""noise_relative"": 0.05}",s2/s2_sf_4_20260902142714_00001.pcap,19a42e6d2a12d9cb261079e88d76a0c7ac6a5a6ff3e8e90fad3c62980d212e27,0,120.0,1200,54,5.4s (at 10 Hz),True,0.9860416666666667,0.0010143495260564017,1,365.83659412634694,10.64,/Users/david/code/velocity.report/data/experiments/try/l3-settling-sweep/raw/van-ness-sacramento__neighbour_confirmation_count-3_noise_relative-0.05__o0.json,
2026-09-18T09:47:31-0700,9305732adc1b66807a255952b323745fe9de74c3,1st-mission,neighbour_confirmation_count=1|noise_relative=0.02,"{""neighbour_confirmation_count"": 1, ""noise_relative"": 0.02}",s2/s2_sf_8_20260903141035_00005.pcap,cfa3a235463bbe3a89895c85c2cef4fc138996d6447eebddaac7eb38b78a3c11,0,120.0,1200,-1,unknown,False,0.9808472222222222,0.0024630245817253253,1,489.79282366434916,11.17,/Users/david/code/velocity.report/data/experiments/try/l3-settling-sweep/raw/1st-mission__neighbour_confirmation_count-1_noise_relative-0.02__o0.json,
2026-09-18T09:47:41-0700,9305732adc1b66807a255952b323745fe9de74c3,1st-mission,neighbour_confirmation_count=1|noise_relative=0.05,"{""neighbour_confirmation_count"": 1, ""noise_relative"": 0.05}",s2/s2_sf_8_20260903141035_00005.pcap,cfa3a235463bbe3a89895c85c2cef4fc138996d6447eebddaac7eb38b78a3c11,0,120.0,1200,-1,unknown,False,0.9849305555555555,0.004243251257176479,1,574.8285412113094,10.64,/Users/david/code/velocity.report/data/experiments/try/l3-settling-sweep/raw/1st-mission__neighbour_confirmation_count-1_noise_relative-0.05__o0.json,
2026-09-18T09:47:52-0700,9305732adc1b66807a255952b323745fe9de74c3,3rd-folsom,neighbour_confirmation_count=1|noise_relative=0.02,"{""neighbour_confirmation_count"": 1, ""noise_relative"": 0.02}",s2/s2_sf_8_20260903152041_00019.pcap,1d19feceed93820cc4b20de2bd4cb4a94da08012466499cf86309f689131531f,0,120.0,1201,1201,120.1s (at 10 Hz),True,0.9758611111111111,0.00044772826138346364,1,713.3315305570578,10.95,/Users/david/code/velocity.report/data/experiments/try/l3-settling-sweep/raw/3rd-folsom__neighbour_confirmation_count-1_noise_relative-0.02__o0.json,
2026-09-18T09:48:04-0700,9305732adc1b66807a255952b323745fe9de74c3,3rd-folsom,neighbour_confirmation_count=1|noise_relative=0.05,"{""neighbour_confirmation_count"": 1, ""noise_relative"": 0.05}",s2/s2_sf_8_20260903152041_00019.pcap,1d19feceed93820cc4b20de2bd4cb4a94da08012466499cf86309f689131531f,0,120.0,1201,1201,120.1s (at 10 Hz),True,0.9782361111111111,0.0006836962094336088,1,796.9469708801272,11.07,/Users/david/code/velocity.report/data/experiments/try/l3-settling-sweep/raw/3rd-folsom__neighbour_confirmation_count-1_noise_relative-0.05__o0.json,
2026-09-18T09:48:15-0700,9305732adc1b66807a255952b323745fe9de74c3,ashbury-downey,neighbour_confirmation_count=1|noise_relative=0.02,"{""neighbour_confirmation_count"": 1, ""noise_relative"": 0.02}",s2/s2-sf-0.pcapng,2eec35d381fa4c4ba5a6bf1218982c76e53749287d53691115261f14d8aefbed,0,120.0,1200,27,2.7s (at 10 Hz),True,0.9904305555555556,0.0007710624157193589,1,966.6524519358865,11.41,/Users/david/code/velocity.report/data/experiments/try/l3-settling-sweep/raw/ashbury-downey__neighbour_confirmation_count-1_noise_relative-0.02__o0.json,
2026-09-18T09:48:26-0700,9305732adc1b66807a255952b323745fe9de74c3,ashbury-downey,neighbour_confirmation_count=1|noise_relative=0.05,"{""neighbour_confirmation_count"": 1, ""noise_relative"": 0.05}",s2/s2-sf-0.pcapng,2eec35d381fa4c4ba5a6bf1218982c76e53749287d53691115261f14d8aefbed,0,120.0,1200,37,3.7s (at 10 Hz),True,0.9907361111111112,0.0010139069266794547,1,996.8529432380525,10.77,/Users/david/code/velocity.report/data/experiments/try/l3-settling-sweep/raw/ashbury-downey__neighbour_confirmation_count-1_noise_relative-0.05__o0.json,
2026-09-18T09:48:37-0700,9305732adc1b66807a255952b323745fe9de74c3,broadway-gough,neighbour_confirmation_count=1|noise_relative=0.02,"{""neighbour_confirmation_count"": 1, ""noise_relative"": 0.02}",s2/s2-1_20260901150856_00029.pcap,30ca5559051e291e1a73a6bd22a69316fb4bf3172bf662064655eb7ef42fc9db,0,120.0,1201,41,4.1s (at 10 Hz),True,0.9809027777777778,1.5039858548382742e-05,1,764.337614159292,10.99,/Users/david/code/velocity.report/data/experiments/try/l3-settling-sweep/raw/broadway-gough__neighbour_confirmation_count-1_noise_relative-0.02__o0.json,
2026-09-18T09:48:47-0700,9305732adc1b66807a255952b323745fe9de74c3,broadway-gough,neighbour_confirmation_count=1|noise_relative=0.05,"{""neighbour_confirmation_count"": 1, ""noise_relative"": 0.05}",s2/s2-1_20260901150856_00029.pcap,30ca5559051e291e1a73a6bd22a69316fb4bf3172bf662064655eb7ef42fc9db,0,120.0,1201,105,10.5s (at 10 Hz),True,0.9849027777777778,2.620135588787367e-05,1,795.3055293105637,10.6,/Users/david/code/velocity.report/data/experiments/try/l3-settling-sweep/raw/broadway-gough__neighbour_confirmation_count-1_noise_relative-0.05__o0.json,
2026-09-18T09:48:59-0700,9305732adc1b66807a255952b323745fe9de74c3,bush-powell,neighbour_confirmation_count=1|noise_relative=0.02,"{""neighbour_confirmation_count"": 1, ""noise_relative"": 0.02}",s2/s2_sf_6_20260903113556_00020.pcap,19d49af8a0498d700c383a851bc512b7423a1388969663b27b12d9e23de97d7c,0,120.0,1201,38,3.8s (at 10 Hz),True,0.9893333333333333,0.00027606670965915956,1,637.0350123539982,11.39,/Users/david/code/velocity.report/data/experiments/try/l3-settling-sweep/raw/bush-powell__neighbour_confirmation_count-1_noise_relative-0.02__o0.json,
2026-09-18T09:49:10-0700,9305732adc1b66807a255952b323745fe9de74c3,bush-powell,neighbour_confirmation_count=1|noise_relative=0.05,"{""neighbour_confirmation_count"": 1, ""noise_relative"": 0.05}",s2/s2_sf_6_20260903113556_00020.pcap,19d49af8a0498d700c383a851bc512b7423a1388969663b27b12d9e23de97d7c,0,120.0,1201,459,45.9s (at 10 Hz),True,0.9919722222222223,0.00032420056997257626,1,719.7337235025623,10.78,/Users/david/code/velocity.report/data/experiments/try/l3-settling-sweep/raw/bush-powell__neighbour_confirmation_count-1_noise_relative-0.05__o0.json,
2026-09-18T09:49:21-0700,9305732adc1b66807a255952b323745fe9de74c3,california-leon-baker,neighbour_confirmation_count=1|noise_relative=0.02,"{""neighbour_confirmation_count"": 1, ""noise_relative"": 0.02}",s2/s2-1_20260901142853_00021.pcap,6ba305456f6be0fae61f63e9b303cb80e0ac2e5bf1f605a46e3086552d0cafb8,0,120.0,1201,19,1.9s (at 10 Hz),True,0.9854861111111111,0.0002278084907096401,1,867.7121133112536,11.05,/Users/david/code/velocity.report/data/experiments/try/l3-settling-sweep/raw/california-leon-baker__neighbour_confirmation_count-1_noise_relative-0.02__o0.json,
2026-09-18T09:49:31-0700,9305732adc1b66807a255952b323745fe9de74c3,california-leon-baker,neighbour_confirmation_count=1|noise_relative=0.05,"{""neighbour_confirmation_count"": 1, ""noise_relative"": 0.05}",s2/s2-1_20260901142853_00021.pcap,6ba305456f6be0fae61f63e9b303cb80e0ac2e5bf1f605a46e3086552d0cafb8,0,120.0,1201,26,2.6s (at 10 Hz),True,0.986875,0.00023592040256000273,1,878.6858067694039,10.66,/Users/david/code/velocity.report/data/experiments/try/l3-settling-sweep/raw/california-leon-baker__neighbour_confirmation_count-1_noise_relative-0.05__o0.json,
2026-09-18T09:49:42-0700,9305732adc1b66807a255952b323745fe9de74c3,columbus-broadway,neighbour_confirmation_count=1|noise_relative=0.02,"{""neighbour_confirmation_count"": 1, ""noise_relative"": 0.02}",s2/s2_sf_3_20260902132037_00002.pcap,135bf02a909df5eeee1f2e526914d975e52cdb562781729174082e7fd6b5e6f0,0,120.0,1200,210,21.0s (at 10 Hz),True,0.9617222222222223,0.0017301004247226603,1,498.37479059557506,10.94,/Users/david/code/velocity.report/data/experiments/try/l3-settling-sweep/raw/columbus-broadway__neighbour_confirmation_count-1_noise_relative-0.02__o0.json,
2026-09-18T09:49:53-0700,9305732adc1b66807a255952b323745fe9de74c3,columbus-broadway,neighbour_confirmation_count=1|noise_relative=0.05,"{""neighbour_confirmation_count"": 1, ""noise_relative"": 0.05}",s2/s2_sf_3_20260902132037_00002.pcap,135bf02a909df5eeee1f2e526914d975e52cdb562781729174082e7fd6b5e6f0,0,120.0,1200,-1,unknown,False,0.9680416666666667,0.0029208897759804638,1,545.6150303447682,10.48,/Users/david/code/velocity.report/data/experiments/try/l3-settling-sweep/raw/columbus-broadway__neighbour_confirmation_count-1_noise_relative-0.05__o0.json,
2026-09-18T09:50:04-0700,9305732adc1b66807a255952b323745fe9de74c3,columbus-north-point,neighbour_confirmation_count=1|noise_relative=0.02,"{""neighbour_confirmation_count"": 1, ""noise_relative"": 0.02}",s2/s2_sf_2_20260902115334_00030.pcap,35f520e2232732a6b227dc6b676865a403fd4f7e0c6874c6d9ea040cebad9a87,0,120.0,1201,330,33.0s (at 10 Hz),True,0.9744166666666667,0.0005624621645161954,1,594.2570341229796,10.94,/Users/david/code/velocity.report/data/experiments/try/l3-settling-sweep/raw/columbus-north-point__neighbour_confirmation_count-1_noise_relative-0.02__o0.json,
2026-09-18T09:50:14-0700,9305732adc1b66807a255952b323745fe9de74c3,columbus-north-point,neighbour_confirmation_count=1|noise_relative=0.05,"{""neighbour_confirmation_count"": 1, ""noise_relative"": 0.05}",s2/s2_sf_2_20260902115334_00030.pcap,35f520e2232732a6b227dc6b676865a403fd4f7e0c6874c6d9ea040cebad9a87,0,120.0,1201,1201,120.1s (at 10 Hz),True,0.9801111111111112,0.0007189897755114868,1,725.4559432037184,10.63,/Users/david/code/velocity.report/data/experiments/try/l3-settling-sweep/raw/columbus-north-point__neighbour_confirmation_count-1_noise_relative-0.05__o0.json,
2026-09-18T09:50:25-0700,9305732adc1b66807a255952b323745fe9de74c3,embarcadero-bay,neighbour_confirmation_count=1|noise_relative=0.02,"{""neighbour_confirmation_count"": 1, ""noise_relative"": 0.02}",s2/s2_sf_2_20260902123517_00002.pcap,cd4811a1246fefd1e3acc51b3d01e771c7121c0b8ee08122b35e1ec049e0e9da,0,120.0,1200,-1,unknown,False,0.9659166666666666,0.0011489797958382842,1,771.7544215339487,10.56,/Users/david/code/velocity.report/data/experiments/try/l3-settling-sweep/raw/embarcadero-bay__neighbour_confirmation_count-1_noise_relative-0.02__o0.json,
2026-09-18T09:50:35-0700,9305732adc1b66807a255952b323745fe9de74c3,embarcadero-bay,neighbour_confirmation_count=1|noise_relative=0.05,"{""neighbour_confirmation_count"": 1, ""noise_relative"": 0.05}",s2/s2_sf_2_20260902123517_00002.pcap,cd4811a1246fefd1e3acc51b3d01e771c7121c0b8ee08122b35e1ec049e0e9da,0,120.0,1200,-1,unknown,False,0.9670555555555556,0.0017543832149396785,1,837.8709427241914,10.41,/Users/david/code/velocity.report/data/experiments/try/l3-settling-sweep/raw/embarcadero-bay__neighbour_confirmation_count-1_noise_relative-0.05__o0.json,
2026-09-18T09:50:46-0700,9305732adc1b66807a255952b323745fe9de74c3,embarcadero-broadway,neighbour_confirmation_count=1|noise_relative=0.02,"{""neighbour_confirmation_count"": 1, ""noise_relative"": 0.02}",s2/s2_sf_4_20260902152249_00001.pcap,57a73964321e905a94d290aaf8c97a3b1e6975f64ab12f4622049a13b1347d4a,0,120.0,1200,-1,unknown,False,0.9492916666666666,0.001620450121811063,1,591.6088896691978,10.45,/Users/david/code/velocity.report/data/experiments/try/l3-settling-sweep/raw/embarcadero-broadway__neighbour_confirmation_count-1_noise_relative-0.02__o0.json,
2026-09-18T09:50:56-0700,9305732adc1b66807a255952b323745fe9de74c3,embarcadero-broadway,neighbour_confirmation_count=1|noise_relative=0.05,"{""neighbour_confirmation_count"": 1, ""noise_relative"": 0.05}",s2/s2_sf_4_20260902152249_00001.pcap,57a73964321e905a94d290aaf8c97a3b1e6975f64ab12f4622049a13b1347d4a,0,120.0,1200,-1,unknown,False,0.9519027777777778,0.00234927161552172,1,650.5477917037513,10.11,/Users/david/code/velocity.report/data/experiments/try/l3-settling-sweep/raw/embarcadero-broadway__neighbour_confirmation_count-1_noise_relative-0.05__o0.json,
2026-09-18T09:51:06-0700,9305732adc1b66807a255952b323745fe9de74c3,embarcadero-bryant,neighbour_confirmation_count=1|noise_relative=0.02,"{""neighbour_confirmation_count"": 1, ""noise_relative"": 0.02}",s2/s2_sf_8_20260903144037_00011.pcap,3c55a2292c59ee964927f38689e29ac46cbfd2790880f317e295db5f47c29c33,0,120.0,1201,-1,unknown,False,0.92475,0.0013770675307212435,1,607.0744946081523,10.29,/Users/david/code/velocity.report/data/experiments/try/l3-settling-sweep/raw/embarcadero-bryant__neighbour_confirmation_count-1_noise_relative-0.02__o0.json,
2026-09-18T09:51:16-0700,9305732adc1b66807a255952b323745fe9de74c3,embarcadero-bryant,neighbour_confirmation_count=1|noise_relative=0.05,"{""neighbour_confirmation_count"": 1, ""noise_relative"": 0.05}",s2/s2_sf_8_20260903144037_00011.pcap,3c55a2292c59ee964927f38689e29ac46cbfd2790880f317e295db5f47c29c33,0,120.0,1201,-1,unknown,False,0.9269722222222222,0.0017182976936384023,1,659.614860207965,10.17,/Users/david/code/velocity.report/data/experiments/try/l3-settling-sweep/raw/embarcadero-bryant__neighbour_confirmation_count-1_noise_relative-0.05__o0.json,
2026-09-18T09:51:27-0700,9305732adc1b66807a255952b323745fe9de74c3,embarcadero-folsom,neighbour_confirmation_count=1|noise_relative=0.02,"{""neighbour_confirmation_count"": 1, ""noise_relative"": 0.02}",s2/s2_sf_7_20260903131748_00001.pcap,05cf29bb0d972d1edfc8acb701946f43b927881dc667aa630b2624f325ff6818,0,120.0,1201,1201,120.1s (at 10 Hz),True,0.9485277777777777,0.0001394243187167936,1,660.4238293261487,10.54,/Users/david/code/velocity.report/data/experiments/try/l3-settling-sweep/raw/embarcadero-folsom__neighbour_confirmation_count-1_noise_relative-0.02__o0.json,
2026-09-18T09:51:37-0700,9305732adc1b66807a255952b323745fe9de74c3,embarcadero-folsom,neighbour_confirmation_count=1|noise_relative=0.05,"{""neighbour_confirmation_count"": 1, ""noise_relative"": 0.05}",s2/s2_sf_7_20260903131748_00001.pcap,05cf29bb0d972d1edfc8acb701946f43b927881dc667aa630b2624f325ff6818,0,120.0,1201,1201,120.1s (at 10 Hz),True,0.9501944444444445,0.00015333375321200155,1,694.6938053614757,10.2,/Users/david/code/velocity.report/data/experiments/try/l3-settling-sweep/raw/embarcadero-folsom__neighbour_confirmation_count-1_noise_relative-0.05__o0.json,
2026-09-18T09:51:48-0700,9305732adc1b66807a255952b323745fe9de74c3,franklin-mcallister,neighbour_confirmation_count=1|noise_relative=0.02,"{""neighbour_confirmation_count"": 1, ""noise_relative"": 0.02}",s2/s2_sf_6_20260903103552_00008.pcap,cc8709a8862b42d34e4838772f4ae92c9a7f8fa0f73f9d08689937eb38e0962d,0,120.0,1200,-1,unknown,False,0.9897916666666666,0.0014735226850919564,1,621.7845225566548,10.9,/Users/david/code/velocity.report/data/experiments/try/l3-settling-sweep/raw/franklin-mcallister__neighbour_confirmation_count-1_noise_relative-0.02__o0.json,
2026-09-18T09:51:59-0700,9305732adc1b66807a255952b323745fe9de74c3,franklin-mcallister,neighbour_confirmation_count=1|noise_relative=0.05,"{""neighbour_confirmation_count"": 1, ""noise_relative"": 0.05}",s2/s2_sf_6_20260903103552_00008.pcap,cc8709a8862b42d34e4838772f4ae92c9a7f8fa0f73f9d08689937eb38e0962d,0,120.0,1200,-1,unknown,False,0.9918055555555556,0.0021705387188189493,1,683.1976753956028,10.59,/Users/david/code/velocity.report/data/experiments/try/l3-settling-sweep/raw/franklin-mcallister__neighbour_confirmation_count-1_noise_relative-0.05__o0.json,
2026-09-18T09:52:10-0700,9305732adc1b66807a255952b323745fe9de74c3,fulton-divisadero,neighbour_confirmation_count=1|noise_relative=0.02,"{""neighbour_confirmation_count"": 1, ""noise_relative"": 0.02}",s2/s2-1_20260901135850_00015.pcap,9ae37cfd7a00343c35d86014131c68abae7950283154f43485dea798a372c870,0,120.0,1200,54,5.4s (at 10 Hz),True,0.9808888888888889,0.000899124742936688,1,787.8522173765292,11.29,/Users/david/code/velocity.report/data/experiments/try/l3-settling-sweep/raw/fulton-divisadero__neighbour_confirmation_count-1_noise_relative-0.02__o0.json,
2026-09-18T09:52:21-0700,9305732adc1b66807a255952b323745fe9de74c3,fulton-divisadero,neighbour_confirmation_count=1|noise_relative=0.05,"{""neighbour_confirmation_count"": 1, ""noise_relative"": 0.05}",s2/s2-1_20260901135850_00015.pcap,9ae37cfd7a00343c35d86014131c68abae7950283154f43485dea798a372c870,0,120.0,1200,421,42.1s (at 10 Hz),True,0.9844583333333333,0.001307939821604391,1,878.106417798846,10.71,/Users/david/code/velocity.report/data/experiments/try/l3-settling-sweep/raw/fulton-divisadero__neighbour_confirmation_count-1_noise_relative-0.05__o0.json,
2026-09-18T09:52:32-0700,9305732adc1b66807a255952b323745fe9de74c3,haight-divisadero,neighbour_confirmation_count=1|noise_relative=0.02,"{""neighbour_confirmation_count"": 1, ""noise_relative"": 0.02}",s2/s2-1_20260901125845_00003.pcap,3e92f3723bd8131d6e0c6865d00517df7c2f634856f2ac0cd2c8fd2fd463bb28,0,120.0,1200,19,1.9s (at 10 Hz),True,0.9843055555555555,0.0005184701094217256,1,775.7792719063074,10.86,/Users/david/code/velocity.report/data/experiments/try/l3-settling-sweep/raw/haight-divisadero__neighbour_confirmation_count-1_noise_relative-0.02__o0.json,
2026-09-18T09:52:42-0700,9305732adc1b66807a255952b323745fe9de74c3,haight-divisadero,neighbour_confirmation_count=1|noise_relative=0.05,"{""neighbour_confirmation_count"": 1, ""noise_relative"": 0.05}",s2/s2-1_20260901125845_00003.pcap,3e92f3723bd8131d6e0c6865d00517df7c2f634856f2ac0cd2c8fd2fd463bb28,0,120.0,1200,35,3.5s (at 10 Hz),True,0.9844444444444445,0.0005670358277145147,1,819.7678611738149,10.79,/Users/david/code/velocity.report/data/experiments/try/l3-settling-sweep/raw/haight-divisadero__neighbour_confirmation_count-1_noise_relative-0.05__o0.json,
2026-09-18T09:52:54-0700,9305732adc1b66807a255952b323745fe9de74c3,howard-6th,neighbour_confirmation_count=1|noise_relative=0.02,"{""neighbour_confirmation_count"": 1, ""noise_relative"": 0.02}",s2/s2_sf_8_20260903155043_00025.pcap,f1430cebc207062edba56c8f3d4e594ccc3f5a2ec3481af58ba2e5aa0390d25d,0,120.0,1200,154,15.4s (at 10 Hz),True,0.9819027777777778,0.0007828031435498286,1,768.6631964581242,11.07,/Users/david/code/velocity.report/data/experiments/try/l3-settling-sweep/raw/howard-6th__neighbour_confirmation_count-1_noise_relative-0.02__o0.json,
2026-09-18T09:53:04-0700,9305732adc1b66807a255952b323745fe9de74c3,howard-6th,neighbour_confirmation_count=1|noise_relative=0.05,"{""neighbour_confirmation_count"": 1, ""noise_relative"": 0.05}",s2/s2_sf_8_20260903155043_00025.pcap,f1430cebc207062edba56c8f3d4e594ccc3f5a2ec3481af58ba2e5aa0390d25d,0,120.0,1200,469,46.9s (at 10 Hz),True,0.9826527777777778,0.0011354779238077174,1,851.3141439696965,10.85,/Users/david/code/velocity.report/data/experiments/try/l3-settling-sweep/raw/howard-6th__neighbour_confirmation_count-1_noise_relative-0.05__o0.json,
2026-09-18T09:53:16-0700,9305732adc1b66807a255952b323745fe9de74c3,hyde-ofarrell,neighbour_confirmation_count=1|noise_relative=0.02,"{""neighbour_confirmation_count"": 1, ""noise_relative"": 0.02}",s2/s2_sf_6_20260903110555_00014.pcap,9d86ffa150130ad2490d90bf45b01f42ec3609b222745c1cd39b5d9ca251aee7,0,120.0,1200,41,4.1s (at 10 Hz),True,0.9908611111111111,0.000940718724884007,1,722.8794959490903,11.18,/Users/david/code/velocity.report/data/experiments/try/l3-settling-sweep/raw/hyde-ofarrell__neighbour_confirmation_count-1_noise_relative-0.02__o0.json,
2026-09-18T09:53:26-0700,9305732adc1b66807a255952b323745fe9de74c3,hyde-ofarrell,neighbour_confirmation_count=1|noise_relative=0.05,"{""neighbour_confirmation_count"": 1, ""noise_relative"": 0.05}",s2/s2_sf_6_20260903110555_00014.pcap,9d86ffa150130ad2490d90bf45b01f42ec3609b222745c1cd39b5d9ca251aee7,0,120.0,1200,-1,unknown,False,0.9919722222222223,0.0014096122350198798,1,817.3772367057769,10.84,/Users/david/code/velocity.report/data/experiments/try/l3-settling-sweep/raw/hyde-ofarrell__neighbour_confirmation_count-1_noise_relative-0.05__o0.json,
2026-09-18T09:53:38-0700,9305732adc1b66807a255952b323745fe9de74c3,laguna-eddy,neighbour_confirmation_count=1|noise_relative=0.02,"{""neighbour_confirmation_count"": 1, ""noise_relative"": 0.02}",s2/s2-1_20260901154400_00036.pcap,d08c66075818462dd641ddead01eeacfa9199599fc63bcf6e23c25c784b29a53,0,120.0,1200,75,7.5s (at 10 Hz),True,0.99525,0.0009993298926492264,1,742.1717603058975,11.35,/Users/david/code/velocity.report/data/experiments/try/l3-settling-sweep/raw/laguna-eddy__neighbour_confirmation_count-1_noise_relative-0.02__o0.json,
2026-09-18T09:53:49-0700,9305732adc1b66807a255952b323745fe9de74c3,laguna-eddy,neighbour_confirmation_count=1|noise_relative=0.05,"{""neighbour_confirmation_count"": 1, ""noise_relative"": 0.05}",s2/s2-1_20260901154400_00036.pcap,d08c66075818462dd641ddead01eeacfa9199599fc63bcf6e23c25c784b29a53,0,120.0,1200,401,40.1s (at 10 Hz),True,0.9957083333333333,0.0012016662102168644,1,852.294974264552,10.79,/Users/david/code/velocity.report/data/experiments/try/l3-settling-sweep/raw/laguna-eddy__neighbour_confirmation_count-1_noise_relative-0.05__o0.json,
2026-09-18T09:53:59-0700,9305732adc1b66807a255952b323745fe9de74c3,lombard-broderick,neighbour_confirmation_count=1|noise_relative=0.02,"{""neighbour_confirmation_count"": 1, ""noise_relative"": 0.02}",s2/s2_sf_2_20260902093822_00003.pcap,05ba919df8d00872adac04ca09b5c6c29f42c1975b9aa2bc5dad57f612a903e5,0,120.0,1200,133,13.3s (at 10 Hz),True,0.9767777777777777,0.0010254768992379376,1,696.9464509157092,10.74,/Users/david/code/velocity.report/data/experiments/try/l3-settling-sweep/raw/lombard-broderick__neighbour_confirmation_count-1_noise_relative-0.02__o0.json,
2026-09-18T09:54:10-0700,9305732adc1b66807a255952b323745fe9de74c3,lombard-broderick,neighbour_confirmation_count=1|noise_relative=0.05,"{""neighbour_confirmation_count"": 1, ""noise_relative"": 0.05}",s2/s2_sf_2_20260902093822_00003.pcap,05ba919df8d00872adac04ca09b5c6c29f42c1975b9aa2bc5dad57f612a903e5,0,120.0,1200,293,29.3s (at 10 Hz),True,0.9799722222222222,0.001771608188961345,1,745.3336829275206,10.49,/Users/david/code/velocity.report/data/experiments/try/l3-settling-sweep/raw/lombard-broderick__neighbour_confirmation_count-1_noise_relative-0.05__o0.json,
2026-09-18T09:54:21-0700,9305732adc1b66807a255952b323745fe9de74c3,lombard-laguna,neighbour_confirmation_count=1|noise_relative=0.02,"{""neighbour_confirmation_count"": 1, ""noise_relative"": 0.02}",s2/s2_sf_2_20260902105830_00019.pcap,7f76cb4a1e38c62a44200b9ca915633b1d74f530b75b6ca591ceaeabf4c02999,0,120.0,1201,303,30.3s (at 10 Hz),True,0.9651944444444445,0.0006559388627954232,1,716.9271879586727,10.94,/Users/david/code/velocity.report/data/experiments/try/l3-settling-sweep/raw/lombard-laguna__neighbour_confirmation_count-1_noise_relative-0.02__o0.json,
2026-09-18T09:54:31-0700,9305732adc1b66807a255952b323745fe9de74c3,lombard-laguna,neighbour_confirmation_count=1|noise_relative=0.05,"{""neighbour_confirmation_count"": 1, ""noise_relative"": 0.05}",s2/s2_sf_2_20260902105830_00019.pcap,7f76cb4a1e38c62a44200b9ca915633b1d74f530b75b6ca591ceaeabf4c02999,0,120.0,1201,-1,unknown,False,0.9691388888888889,0.0010935089928310372,1,798.4828599271976,10.5,/Users/david/code/velocity.report/data/experiments/try/l3-settling-sweep/raw/lombard-laguna__neighbour_confirmation_count-1_noise_relative-0.05__o0.json,
2026-09-18T09:54:40-0700,9305732adc1b66807a255952b323745fe9de74c3,marina-broderick,neighbour_confirmation_count=1|noise_relative=0.02,"{""neighbour_confirmation_count"": 1, ""noise_relative"": 0.02}",s2/s2_sf_2_20260902100324_00008.pcap,2c47606887cf5d89a1f909d1a5e6eb47e105242c3e0b657cb64e216d803df611,0,120.0,1200,506,50.6s (at 10 Hz),True,0.8426388888888889,0.0011834361664128054,1,733.4078457227624,8.76,/Users/david/code/velocity.report/data/experiments/try/l3-settling-sweep/raw/marina-broderick__neighbour_confirmation_count-1_noise_relative-0.02__o0.json,
2026-09-18T09:54:49-0700,9305732adc1b66807a255952b323745fe9de74c3,marina-broderick,neighbour_confirmation_count=1|noise_relative=0.05,"{""neighbour_confirmation_count"": 1, ""noise_relative"": 0.05}",s2/s2_sf_2_20260902100324_00008.pcap,2c47606887cf5d89a1f909d1a5e6eb47e105242c3e0b657cb64e216d803df611,0,120.0,1200,-1,unknown,False,0.8455833333333334,0.0019860521233576517,1,767.2086495187411,8.45,/Users/david/code/velocity.report/data/experiments/try/l3-settling-sweep/raw/marina-broderick__neighbour_confirmation_count-1_noise_relative-0.05__o0.json,
2026-09-18T09:54:58-0700,9305732adc1b66807a255952b323745fe9de74c3,marina-webster-beach,neighbour_confirmation_count=1|noise_relative=0.02,"{""neighbour_confirmation_count"": 1, ""noise_relative"": 0.02}",s2/s2_sf_2_20260902102827_00013.pcap,698d2bcd123707097ed0105ee48456b81c77ba3ecceaf39e688547bcb875767e,0,120.0,1201,836,83.6s (at 10 Hz),True,0.8201388888888889,0.0004625005397439369,1,736.4030821337849,8.93,/Users/david/code/velocity.report/data/experiments/try/l3-settling-sweep/raw/marina-webster-beach__neighbour_confirmation_count-1_noise_relative-0.02__o0.json,
2026-09-18T09:55:06-0700,9305732adc1b66807a255952b323745fe9de74c3,marina-webster-beach,neighbour_confirmation_count=1|noise_relative=0.05,"{""neighbour_confirmation_count"": 1, ""noise_relative"": 0.05}",s2/s2_sf_2_20260902102827_00013.pcap,698d2bcd123707097ed0105ee48456b81c77ba3ecceaf39e688547bcb875767e,0,120.0,1201,836,83.6s (at 10 Hz),True,0.8211666666666667,0.0005800288526130746,1,820.8446147080712,8.64,/Users/david/code/velocity.report/data/experiments/try/l3-settling-sweep/raw/marina-webster-beach__neighbour_confirmation_count-1_noise_relative-0.05__o0.json,
2026-09-18T09:55:18-0700,9305732adc1b66807a255952b323745fe9de74c3,pierce-haight,neighbour_confirmation_count=1|noise_relative=0.02,"{""neighbour_confirmation_count"": 1, ""noise_relative"": 0.02}",s2/s2-1_20260901132347_00008.pcap,c9b3b0f8d58807fdf7fbd7e6212bf0e758646dcdca406146754d5863e8e70b6f,0,120.0,1200,411,41.1s (at 10 Hz),True,0.9935416666666667,0.0005506855903804342,1,575.774543929545,11.35,/Users/david/code/velocity.report/data/experiments/try/l3-settling-sweep/raw/pierce-haight__neighbour_confirmation_count-1_noise_relative-0.02__o0.json,
2026-09-18T09:55:28-0700,9305732adc1b66807a255952b323745fe9de74c3,pierce-haight,neighbour_confirmation_count=1|noise_relative=0.05,"{""neighbour_confirmation_count"": 1, ""noise_relative"": 0.05}",s2/s2-1_20260901132347_00008.pcap,c9b3b0f8d58807fdf7fbd7e6212bf0e758646dcdca406146754d5863e8e70b6f,0,120.0,1200,514,51.4s (at 10 Hz),True,0.9943472222222223,0.0005466543715747555,1,736.08626541701,10.77,/Users/david/code/velocity.report/data/experiments/try/l3-settling-sweep/raw/pierce-haight__neighbour_confirmation_count-1_noise_relative-0.05__o0.json,
2026-09-18T09:55:39-0700,9305732adc1b66807a255952b323745fe9de74c3,van-ness-sacramento,neighbour_confirmation_count=1|noise_relative=0.02,"{""neighbour_confirmation_count"": 1, ""noise_relative"": 0.02}",s2/s2_sf_4_20260902142714_00001.pcap,19a42e6d2a12d9cb261079e88d76a0c7ac6a5a6ff3e8e90fad3c62980d212e27,0,120.0,1200,505,50.5s (at 10 Hz),True,0.986875,0.003659157522144284,1,360.8719301949194,10.89,/Users/david/code/velocity.report/data/experiments/try/l3-settling-sweep/raw/van-ness-sacramento__neighbour_confirmation_count-1_noise_relative-0.02__o0.json,
2026-09-18T09:55:50-0700,9305732adc1b66807a255952b323745fe9de74c3,van-ness-sacramento,neighbour_confirmation_count=1|noise_relative=0.05,"{""neighbour_confirmation_count"": 1, ""noise_relative"": 0.05}",s2/s2_sf_4_20260902142714_00001.pcap,19a42e6d2a12d9cb261079e88d76a0c7ac6a5a6ff3e8e90fad3c62980d212e27,0,120.0,1200,-1,unknown,False,0.9883194444444444,0.005580939212861499,1,403.7212580277969,10.57,/Users/david/code/velocity.report/data/experiments/try/l3-settling-sweep/raw/van-ness-sacramento__neighbour_confirmation_count-1_noise_relative-0.05__o0.json,
