noise_relative,iter,timestamp,accept_counts_1,accept_counts_2,accept_counts_4,accept_counts_8,accept_counts_10,accept_counts_12,accept_counts_16,accept_counts_20,accept_counts_50,accept_counts_100,accept_counts_200,reject_counts_1,reject_counts_2,reject_counts_4,reject_counts_8,reject_counts_10,reject_counts_12,reject_counts_16,reject_counts_20,reject_counts_50,reject_counts_100,reject_counts_200,totals_1,totals_2,totals_4,totals_8,totals_10,totals_12,totals_16,totals_20,totals_50,totals_100,totals_200,acceptance_rates_1,acceptance_rates_2,acceptance_rates_4,acceptance_rates_8,acceptance_rates_10,acceptance_rates_12,acceptance_rates_16,acceptance_rates_20,acceptance_rates_50,acceptance_rates_100,acceptance_rates_200
0.310000,0,2025-09-23T21:07:45.667004-07:00,0,0,0,0,0,0,0,0,0,0,0,0,0,0,0,0,0,0,0,0,0,0,0,0,0,0,0,0,0,0,0,0,0,0.000000,0.000000,0.000000,0.000000,0.000000,0.000000,0.000000,0.000000,0.000000,0.000000,0.000000
0.310000,1,2025-09-23T21:07:47.668952-07:00,563797,264243,434512,99119,10,0,0,0,0,0,0,3894,273,57,90,266,0,0,0,0,0,0,567691,264516,434569,99209,276,0,0,0,0,0,0,0.993141,0.998968,0.999869,0.999093,0.036232,0.000000,0.000000,0.000000,0.000000,0.000000,0.000000
0.310000,2,2025-09-23T21:07:49.670525-07:00,1136357,526685,874966,197180,19,0,0,0,0,0,0,5357,1226,216,179,524,0,0,0,0,0,0,1141714,527911,875182,197359,543,0,0,0,0,0,0,0.995308,0.997678,0.999753,0.999093,0.034991,0.000000,0.000000,0.000000,0.000000,0.000000,0.000000
0.310000,3,2025-09-23T21:07:51.676251-07:00,1707812,788609,1315067,295201,45,0,0,0,0,0,0,8566,1941,315,270,762,0,0,0,0,0,0,1716378,790550,1315382,295471,807,0,0,0,0,0,0,0.995009,0.997545,0.999761,0.999086,0.055762,0.000000,0.000000,0.000000,0.000000,0.000000,0.000000
0.310000,4,2025-09-23T21:07:53.677899-07:00,2278701,1050840,1754711,393334,72,0,0,0,0,0,0,12375,2636,393,360,998,0,0,0,0,0,0,2291076,1053476,1755104,393694,1070,0,0,0,0,0,0,0.994599,0.997498,0.999776,0.999086,0.067290,0.000000,0.000000,0.000000,0.000000,0.000000,0.000000
0.310000,5,2025-09-23T21:07:55.679398-07:00,2847889,1313899,2195140,491519,124,0,0,0,0,0,0,15902,3416,509,450,1217,0,0,0,0,0,0,2863791,1317315,2195649,491969,1341,0,0,0,0,0,0,0.994447,0.997407,0.999768,0.999085,0.092468,0.000000,0.000000,0.000000,0.000000,0.000000,0.000000
0.310000,6,2025-09-23T21:07:57.680882-07:00,3416790,1577057,2635841,589765,185,0,0,0,0,0,0,19266,4294,635,534,1433,0,0,0,0,0,0,3436056,1581351,2636476,590299,1618,0,0,0,0,0,0,0.994393,0.997285,0.999759,0.999095,0.114339,0.000000,0.000000,0.000000,0.000000,0.000000,0.000000
0.310000,7,2025-09-23T21:07:59.682624-07:00,3985470,1840766,3076588,687988,236,0,0,0,0,0,0,22345,5319,781,624,1644,0,0,0,0,0,0,4007815,1846085,3077369,688612,1880,0,0,0,0,0,0,0.994425,0.997119,0.999746,0.999094,0.125532,0.000000,0.000000,0.000000,0.000000,0.000000,0.000000
0.310000,8,2025-09-23T21:08:01.685467-07:00,4554368,2104565,3517073,786215,288,0,0,0,0,0,0,25380,6324,923,710,1858,0,0,0,0,0,0,4579748,2110889,3517996,786925,2146,0,0,0,0,0,0,0.994458,0.997004,0.999738,0.999098,0.134203,0.000000,0.000000,0.000000,0.000000,0.000000,0.000000
0.310000,9,2025-09-23T21:08:03.687883-07:00,5026195,2328811,3891876,869771,333,0,0,0,0,0,0,27819,7250,1048,783,2040,0,0,0,0,0,0,5054014,2336061,3892924,870554,2373,0,0,0,0,0,0,0.994496,0.996896,0.999731,0.999101,0.140329,0.000000,0.000000,0.000000,0.000000,0.000000,0.000000
0.310000,10,2025-09-23T21:08:05.690754-07:00,5595332,2592414,4332454,968004,388,0,0,0,0,0,0,30753,8308,1187,870,2253,0,0,0,0,0,0,5626085,2600722,4333641,968874,2641,0,0,0,0,0,0,0.994534,0.996806,0.999726,0.999102,0.146914,0.000000,0.000000,0.000000,0.000000,0.000000,0.000000
0.310000,11,2025-09-23T21:08:07.697162-07:00,6164584,2855911,4773113,1066230,442,0,0,0,0,0,0,33605,9405,1317,957,2466,0,0,0,0,0,0,6198189,2865316,4774430,1067187,2908,0,0,0,0,0,0,0.994578,0.996718,0.999724,0.999103,0.151994,0.000000,0.000000,0.000000,0.000000,0.000000,0.000000
0.310000,12,2025-09-23T21:08:09.699314-07:00,6733932,3119351,5213617,1164445,499,0,0,0,0,0,0,36441,10469,1450,1045,2678,0,0,0,0,0,0,6770373,3129820,5215067,1165490,3177,0,0,0,0,0,0,0.994618,0.996655,0.999722,0.999103,0.157066,0.000000,0.000000,0.000000,0.000000,0.000000,0.000000
0.310000,13,2025-09-23T21:08:11.701166-07:00,7303994,3382368,5654212,1262762,552,0,0,0,0,0,0,39015,11397,1561,1133,2890,0,0,0,0,0,0,7343009,3393765,5655773,1263895,3442,0,0,0,0,0,0,0.994687,0.996642,0.999724,0.999104,0.160372,0.000000,0.000000,0.000000,0.000000,0.000000,0.000000
0.310000,14,2025-09-23T21:08:13.737791-07:00,7865096,3648450,6091256,1361307,608,0,0,0,0,0,0,39834,12205,1673,1225,3098,0,0,0,0,0,0,7904930,3660655,6092929,1362532,3706,0,0,0,0,0,0,0.994961,0.996666,0.999725,0.999101,0.164058,0.000000,0.000000,0.000000,0.000000,0.000000,0.000000
0.310000,15,2025-09-23T21:08:15.755611-07:00,8417538,3934861,6531796,1461152,667,0,0,0,0,0,0,40328,13898,1800,1322,3312,0,0,0,0,0,0,8457866,3948759,6533596,1462474,3979,0,0,0,0,0,0,0.995232,0.996480,0.999725,0.999096,0.167630,0.000000,0.000000,0.000000,0.000000,0.000000,0.000000
0.310000,16,2025-09-23T21:08:17.757067-07:00,8970362,4214879,6973371,1559621,726,0,0,0,0,0,0,40822,15186,1955,1413,3521,0,0,0,0,0,0,9011184,4230065,6975326,1561034,4247,0,0,0,0,0,0,0.995470,0.996410,0.999720,0.999095,0.170944,0.000000,0.000000,0.000000,0.000000,0.000000,0.000000
0.310000,17,2025-09-23T21:08:19.758536-07:00,9522301,4493366,7417970,1658340,789,0,0,0,0,0,0,41319,15601,2135,1501,3733,0,0,0,0,0,0,9563620,4508967,7420105,1659841,4522,0,0,0,0,0,0,0.995680,0.996540,0.999712,0.999096,0.174480,0.000000,0.000000,0.000000,0.000000,0.000000,0.000000
0.310000,18,2025-09-23T21:08:21.759772-07:00,10072418,4773348,7862724,1757131,848,0,0,0,0,0,0,41813,16006,2317,1591,3943,0,0,0,0,0,0,10114231,4789354,7865041,1758722,4791,0,0,0,0,0,0,0.995866,0.996658,0.999705,0.999095,0.176999,0.000000,0.000000,0.000000,0.000000,0.000000,0.000000
0.310000,19,2025-09-23T21:08:23.760911-07:00,10623750,5052104,8307541,1855927,904,0,0,0,0,0,0,42325,16427,2495,1678,4156,0,0,0,0,0,0,10666075,5068531,8310036,1857605,5060,0,0,0,0,0,0,0.996032,0.996759,0.999700,0.999097,0.178656,0.000000,0.000000,0.000000,0.000000,0.000000,0.000000
0.310000,20,2025-09-23T21:08:25.762401-07:00,11175773,5330223,8752325,1954757,958,0,0,0,0,0,0,42830,16832,2673,1763,4371,0,0,0,0,0,0,11218603,5347055,8754998,1956520,5329,0,0,0,0,0,0,0.996182,0.996852,0.999695,0.999099,0.179771,0.000000,0.000000,0.000000,0.000000,0.000000,0.000000
0.310000,21,2025-09-23T21:08:27.763529-07:00,11728340,5607746,9197277,2053539,1009,0,0,0,0,0,0,43307,17247,2842,1850,4584,0,0,0,0,0,0,11771647,5624993,9200119,2055389,5593,0,0,0,0,0,0,0.996321,0.996934,0.999691,0.999100,0.180404,0.000000,0.000000,0.000000,0.000000,0.000000,0.000000
0.310000,22,2025-09-23T21:08:29.765077-07:00,12281808,5884342,9642177,2152310,1067,0,0,0,0,0,0,43803,17693,3009,1939,4795,0,0,0,0,0,0,12325611,5902035,9645186,2154249,5862,0,0,0,0,0,0,0.996446,0.997002,0.999688,0.999100,0.182020,0.000000,0.000000,0.000000,0.000000,0.000000,0.000000
0.310000,23,2025-09-23T21:08:31.766547-07:00,12844958,6151788,10086315,2251187,1120,14,0,0,0,0,0,44345,18088,3230,2029,5005,0,0,0,0,0,0,12889303,6169876,10089545,2253216,6125,14,0,0,0,0,0,0.996560,0.997068,0.999680,0.999100,0.182857,1.000000,0.000000,0.000000,0.000000,0.000000,0.000000
0.310000,24,2025-09-23T21:08:33.767171-07:00,13421110,6415648,10520470,2349558,1178,14,0,0,0,0,0,45702,18574,3417,2118,5216,0,0,0,0,0,0,13466812,6434222,10523887,2351676,6394,14,0,0,0,0,0,0.996606,0.997113,0.999675,0.999099,0.184235,1.000000,0.000000,0.000000,0.000000,0.000000,0.000000
0.310000,25,2025-09-23T21:08:35.771012-07:00,13996178,6680828,10954637,2448012,1225,14,0,0,0,0,0,46673,19110,3604,2206,5428,0,0,0,0,0,0,14042851,6699938,10958241,2450218,6653,14,0,0,0,0,0,0.996676,0.997148,0.999671,0.999100,0.184127,1.000000,0.000000,0.000000,0.000000,0.000000,0.000000
0.310000,26,2025-09-23T21:08:37.772527-07:00,14570037,6946529,11387640,2547515,1279,14,0,0,0,0,0,48260,19573,3827,2298,5636,0,0,0,0,0,0,14618297,6966102,11391467,2549813,6915,14,0,0,0,0,0,0.996699,0.997190,0.999664,0.999099,0.184960,1.000000,0.000000,0.000000,0.000000,0.000000,0.000000
0.310000,27,2025-09-23T21:08:39.773119-07:00,15142700,7210970,11818270,2647805,1337,14,0,0,0,0,0,54432,20051,4131,2391,5843,0,0,0,0,0,0,15197132,7231021,11822401,2650196,7180,14,0,0,0,0,0,0.996418,0.997227,0.999651,0.999098,0.186212,1.000000,0.000000,0.000000,0.000000,0.000000,0.000000
0.310000,28,2025-09-23T21:08:41.775816-07:00,15717950,7472704,12256009,2746691,1399,14,0,0,0,0,0,55441,20424,4294,2480,6054,0,0,0,0,0,0,15773391,7493128,12260303,2749171,7453,14,0,0,0,0,0,0.996485,0.997274,0.999650,0.999098,0.187710,1.000000,0.000000,0.000000,0.000000,0.000000,0.000000
0.310000,29,2025-09-23T21:08:43.777708-07:00,16258583,7722305,12676308,2841559,1454,14,0,0,0,0,0,56209,20761,4406,2566,6253,0,0,0,0,0,0,16314792,7743066,12680714,2844125,7707,14,0,0,0,0,0,0.996555,0.997319,0.999653,0.999098,0.188660,1.000000,0.000000,0.000000,0.000000,0.000000,0.000000
0.310000,30,2025-09-23T21:08:45.903866-07:00,16826865,7985089,13119713,2941447,1515,14,0,0,0,0,0,57012,21105,4511,2653,6466,0,0,0,0,0,0,16883877,8006194,13124224,2944100,7981,14,0,0,0,0,0,0.996623,0.997364,0.999656,0.999099,0.189826,1.000000,0.000000,0.000000,0.000000,0.000000,0.000000
0.310000,31,2025-09-23T21:08:47.906033-07:00,17374334,8234333,13533440,3035558,1568,14,0,0,0,0,0,58586,21506,4759,2741,6663,0,0,0,0,0,0,17432920,8255839,13538199,3038299,8231,14,0,0,0,0,0,0.996639,0.997395,0.999648,0.999098,0.190499,1.000000,0.000000,0.000000,0.000000,0.000000,0.000000
0.310000,32,2025-09-23T21:08:49.908457-07:00,17937137,8494894,13944540,3131221,1621,14,0,0,0,0,0,60868,21796,5022,2836,6868,0,0,0,0,0,0,17998005,8516690,13949562,3134057,8489,14,0,0,0,0,0,0.996618,0.997441,0.999640,0.999095,0.190953,1.000000,0.000000,0.000000,0.000000,0.000000,0.000000
0.310000,33,2025-09-23T21:08:51.909594-07:00,18511849,8757177,14380636,3228713,1677,14,0,0,0,0,0,63475,22139,5593,2929,7075,0,0,0,0,0,0,18575324,8779316,14386229,3231642,8752,14,0,0,0,0,0,0.996583,0.997478,0.999611,0.999094,0.191613,1.000000,0.000000,0.000000,0.000000,0.000000,0.000000
0.310000,34,2025-09-23T21:08:53.917447-07:00,19085066,9020930,14814161,3327947,1730,14,0,0,0,0,0,66637,22531,6069,3019,7285,0,0,0,0,0,0,19151703,9043461,14820230,3330966,9015,14,0,0,0,0,0,0.996521,0.997509,0.999590,0.999094,0.191902,1.000000,0.000000,0.000000,0.000000,0.000000,0.000000
0.310000,35,2025-09-23T21:08:55.920091-07:00,19624531,9323047,15246367,3411291,1788,17,0,0,0,0,0,67449,30851,6137,3109,7495,0,0,0,0,0,0,19691980,9353898,15252504,3414400,9283,17,0,0,0,0,0,0.996575,0.996702,0.999598,0.999089,0.192610,1.000000,0.000000,0.000000,0.000000,0.000000,0.000000
0.310000,36,2025-09-23T21:08:57.921751-07:00,20145508,9585598,15716774,3478207,1961,17,0,0,0,0,0,68106,36325,15781,3128,7543,0,0,0,0,0,0,20213614,9621923,15732555,3481335,9504,17,0,0,0,0,0,0.996631,0.996225,0.998997,0.999101,0.206334,1.000000,0.000000,0.000000,0.000000,0.000000,0.000000
0.310000,37,2025-09-23T21:08:59.923635-07:00,20679643,9849814,16187671,3566927,2205,17,0,0,0,0,0,68794,36348,15781,3128,7543,0,0,0,0,0,0,20748437,9886162,16203452,3570055,9748,17,0,0,0,0,0,0.996684,0.996323,0.999026,0.999124,0.226200,1.000000,0.000000,0.000000,0.000000,0.000000,0.000000
0.310000,38,2025-09-23T21:09:01.924519-07:00,21213748,10113923,16658421,3672288,2451,17,0,0,0,0,0,69476,36369,15781,3128,7543,0,0,0,0,0,0,21283224,10150292,16674202,3675416,9994,17,0,0,0,0,0,0.996736,0.996417,0.999054,0.999149,0.245247,1.000000,0.000000,0.000000,0.000000,0.000000,0.000000
0.310000,39,2025-09-23T21:09:03.926114-07:00,21732209,10375427,17121675,3777948,2712,17,0,0,0,0,0,70138,36401,15781,3128,7543,0,0,0,0,0,0,21802347,10411828,17137456,3781076,10255,17,0,0,0,0,0,0.996783,0.996504,0.999079,0.999173,0.264456,1.000000,0.000000,0.000000,0.000000,0.000000,0.000000
0.310000,40,2025-09-23T21:09:05.927899-07:00,22266635,10639514,17592596,3883741,2973,17,0,0,0,0,0,70842,36418,15784,3128,7543,0,0,0,0,0,0,22337477,10675932,17608380,3886869,10516,17,0,0,0,0,0,0.996829,0.996589,0.999104,0.999195,0.282712,1.000000,0.000000,0.000000,0.000000,0.000000,0.000000
0.310000,41,2025-09-23T21:09:07.928588-07:00,22800890,10903711,18063298,3989500,3234,17,0,0,0,0,0,71521,36442,15784,3128,7543,0,0,0,0,0,0,22872411,10940153,18079082,3992628,10777,17,0,0,0,0,0,0.996873,0.996669,0.999127,0.999217,0.300084,1.000000,0.000000,0.000000,0.000000,0.000000,0.000000
0.310000,42,2025-09-23T21:09:09.931948-07:00,23361794,11181021,18557595,4100543,3515,17,0,0,0,0,0,72248,36464,15784,3128,7543,0,0,0,0,0,0,23434042,11217485,18573379,4103671,11058,17,0,0,0,0,0,0.996917,0.996749,0.999150,0.999238,0.317869,1.000000,0.000000,0.000000,0.000000,0.000000,0.000000
0.310000,43,2025-09-23T21:09:11.934167-07:00,23896047,11445067,19028486,4206335,3782,17,0,0,0,0,0,72931,36489,15786,3128,7543,0,0,0,0,0,0,23968978,11481556,19044272,4209463,11325,17,0,0,0,0,0,0.996957,0.996822,0.999171,0.999257,0.333951,1.000000,0.000000,0.000000,0.000000,0.000000,0.000000
0.310000,44,2025-09-23T21:09:13.936743-07:00,24430156,11709177,19499311,4312076,4046,17,0,0,0,0,0,73625,36507,15786,3128,7543,0,0,0,0,0,0,24503781,11745684,19515097,4315204,11589,17,0,0,0,0,0,0.996995,0.996892,0.999191,0.999275,0.349124,1.000000,0.000000,0.000000,0.000000,0.000000,0.000000
0.310000,45,2025-09-23T21:09:15.938973-07:00,24964447,11973171,19970127,4417824,4310,17,0,0,0,0,0,74329,36533,15786,3128,7543,0,0,0,0,0,0,25038776,12009704,19985913,4420952,11853,17,0,0,0,0,0,0.997031,0.996958,0.999210,0.999292,0.363621,1.000000,0.000000,0.000000,0.000000,0.000000,0.000000
0.310000,46,2025-09-23T21:09:17.942896-07:00,25498660,12237298,20440888,4523577,4570,17,0,0,0,0,0,75009,36564,15786,3128,7543,0,0,0,0,0,0,25573669,12273862,20456674,4526705,12113,17,0,0,0,0,0,0.997067,0.997021,0.999228,0.999309,0.377281,1.000000,0.000000,0.000000,0.000000,0.000000,0.000000
0.310000,47,2025-09-23T21:09:19.94668-07:00,26032920,12501233,20911730,4629340,4839,17,0,0,0,0,0,75729,36593,15786,3128,7543,0,0,0,0,0,0,26108649,12537826,20927516,4632468,12382,17,0,0,0,0,0,0.997099,0.997081,0.999246,0.999325,0.390809,1.000000,0.000000,0.000000,0.000000,0.000000,0.000000
0.310000,48,2025-09-23T21:09:21.948592-07:00,26567139,12765363,21382506,4735070,5104,17,0,0,0,0,0,76409,36619,15787,3128,7543,0,0,0,0,0,0,26643548,12801982,21398293,4738198,12647,17,0,0,0,0,0,0.997132,0.997140,0.999262,0.999340,0.403574,1.000000,0.000000,0.000000,0.000000,0.000000,0.000000
0.310000,49,2025-09-23T21:09:23.950351-07:00,27101402,13029444,21853444,4840827,5364,17,0,0,0,0,0,77099,36647,15787,3128,7543,0,0,0,0,0,0,27178501,13066091,21869231,4843955,12907,17,0,0,0,0,0,0.997163,0.997195,0.999278,0.999354,0.415588,1.000000,0.000000,0.000000,0.000000,0.000000,0.000000
0.315000,0,2025-09-23T21:09:25.9535-07:00,0,0,0,0,0,0,0,0,0,0,0,0,0,0,0,0,0,0,0,0,0,0,0,0,0,0,0,0,0,0,0,0,0,0.000000,0.000000,0.000000,0.000000,0.000000,0.000000,0.000000,0.000000,0.000000,0.000000,0.000000
0.315000,1,2025-09-23T21:09:27.954702-07:00,535077,263787,470786,105813,261,0,0,0,0,0,0,284,198,4,0,0,0,0,0,0,0,0,535361,263985,470790,105813,261,0,0,0,0,0,0,0.999470,0.999250,0.999992,1.000000,1.000000,0.000000,0.000000,0.000000,0.000000,0.000000,0.000000
0.315000,2,2025-09-23T21:09:29.95611-07:00,1069983,527605,941558,211588,529,0,0,0,0,0,0,584,423,11,0,0,0,0,0,0,0,0,1070567,528028,941569,211588,529,0,0,0,0,0,0,0.999454,0.999199,0.999988,1.000000,1.000000,0.000000,0.000000,0.000000,0.000000,0.000000,0.000000
0.315000,3,2025-09-23T21:09:31.957171-07:00,1605020,791503,1412344,317350,793,0,0,0,0,0,0,891,639,15,0,0,0,0,0,0,0,0,1605911,792142,1412359,317350,793,0,0,0,0,0,0,0.999445,0.999193,0.999989,1.000000,1.000000,0.000000,0.000000,0.000000,0.000000,0.000000,0.000000
0.315000,4,2025-09-23T21:09:33.958652-07:00,2140078,1055282,1883131,423082,1060,0,0,0,0,0,0,1200,861,20,0,0,0,0,0,0,0,0,2141278,1056143,1883151,423082,1060,0,0,0,0,0,0,0.999440,0.999185,0.999989,1.000000,1.000000,0.000000,0.000000,0.000000,0.000000,0.000000,0.000000
0.315000,5,2025-09-23T21:09:35.959903-07:00,2674925,1319127,2353953,528888,1329,0,0,0,0,0,0,1492,1046,25,0,0,0,0,0,0,0,0,2676417,1320173,2353978,528888,1329,0,0,0,0,0,0,0.999443,0.999208,0.999989,1.000000,1.000000,0.000000,0.000000,0.000000,0.000000,0.000000,0.000000
0.315000,6,2025-09-23T21:09:37.960894-07:00,3210093,1582856,2824722,634738,1597,0,0,0,0,0,0,1787,1257,33,0,0,0,0,0,0,0,0,3211880,1584113,2824755,634738,1597,0,0,0,0,0,0,0.999444,0.999206,0.999988,1.000000,1.000000,0.000000,0.000000,0.000000,0.000000,0.000000,0.000000
0.315000,7,2025-09-23T21:09:39.961611-07:00,3745075,1846665,3295470,740568,1866,0,0,0,0,0,0,2065,1468,39,0,0,0,0,0,0,0,0,3747140,1848133,3295509,740568,1866,0,0,0,0,0,0,0.999449,0.999206,0.999988,1.000000,1.000000,0.000000,0.000000,0.000000,0.000000,0.000000,0.000000
0.315000,8,2025-09-23T21:09:41.962608-07:00,4280126,2110443,3766300,846359,2131,0,0,0,0,0,0,2353,1690,45,0,0,0,0,0,0,0,0,4282479,2112133,3766345,846359,2131,0,0,0,0,0,0,0.999451,0.999200,0.999988,1.000000,1.000000,0.000000,0.000000,0.000000,0.000000,0.000000,0.000000
0.315000,9,2025-09-23T21:09:43.963157-07:00,4815221,2374093,4237102,952171,2395,0,0,0,0,0,0,2680,1898,54,0,0,0,0,0,0,0,0,4817901,2375991,4237156,952171,2395,0,0,0,0,0,0,0.999444,0.999201,0.999987,1.000000,1.000000,0.000000,0.000000,0.000000,0.000000,0.000000,0.000000
0.315000,10,2025-09-23T21:09:45.965007-07:00,5350342,2637904,4707932,1057905,2661,0,0,0,0,0,0,2987,2117,63,0,0,0,0,0,0,0,0,5353329,2640021,4707995,1057905,2661,0,0,0,0,0,0,0.999442,0.999198,0.999987,1.000000,1.000000,0.000000,0.000000,0.000000,0.000000,0.000000,0.000000
0.315000,11,2025-09-23T21:09:47.966276-07:00,5885415,2901742,5178682,1163651,2931,0,0,0,0,0,0,3269,2355,67,0,0,0,0,0,0,0,0,5888684,2904097,5178749,1163651,2931,0,0,0,0,0,0,0.999445,0.999189,0.999987,1.000000,1.000000,0.000000,0.000000,0.000000,0.000000,0.000000,0.000000
0.315000,12,2025-09-23T21:09:49.968138-07:00,6420340,3165525,5649456,1269384,3205,0,0,0,0,0,0,3539,2581,72,0,0,0,0,0,0,0,0,6423879,3168106,5649528,1269384,3205,0,0,0,0,0,0,0.999449,0.999185,0.999987,1.000000,1.000000,0.000000,0.000000,0.000000,0.000000,0.000000,0.000000
0.315000,13,2025-09-23T21:09:51.969465-07:00,6955334,3429494,6120239,1375118,3470,0,0,0,0,0,0,3832,2816,76,0,0,0,0,0,0,0,0,6959166,3432310,6120315,1375118,3470,0,0,0,0,0,0,0.999449,0.999180,0.999988,1.000000,1.000000,0.000000,0.000000,0.000000,0.000000,0.000000,0.000000
0.315000,14,2025-09-23T21:09:53.971619-07:00,7490109,3693496,6591005,1480925,3735,0,0,0,0,0,0,4132,3033,83,0,0,0,0,0,0,0,0,7494241,3696529,6591088,1480925,3735,0,0,0,0,0,0,0.999449,0.999180,0.999987,1.000000,1.000000,0.000000,0.000000,0.000000,0.000000,0.000000,0.000000
0.315000,15,2025-09-23T21:09:55.973867-07:00,8025184,3957316,7061752,1586722,4011,0,0,0,0,0,0,4433,3256,90,0,0,0,0,0,0,0,0,8029617,3960572,7061842,1586722,4011,0,0,0,0,0,0,0.999448,0.999178,0.999987,1.000000,1.000000,0.000000,0.000000,0.000000,0.000000,0.000000,0.000000
0.315000,16,2025-09-23T21:09:57.979695-07:00,8560140,4221311,7532571,1692505,4274,0,0,0,0,0,0,4712,3471,98,0,0,0,0,0,0,0,0,8564852,4224782,7532669,1692505,4274,0,0,0,0,0,0,0.999450,0.999178,0.999987,1.000000,1.000000,0.000000,0.000000,0.000000,0.000000,0.000000,0.000000
0.315000,17,2025-09-23T21:09:59.981076-07:00,9095050,4485185,8003428,1798242,4544,0,0,0,0,0,0,5007,3696,103,0,0,0,0,0,0,0,0,9100057,4488881,8003531,1798242,4544,0,0,0,0,0,0,0.999450,0.999177,0.999987,1.000000,1.000000,0.000000,0.000000,0.000000,0.000000,0.000000,0.000000
0.315000,18,2025-09-23T21:10:02.071953-07:00,9656668,4762163,8497770,1909344,4822,0,0,0,0,0,0,5334,3925,106,0,0,0,0,0,0,0,0,9662002,4766088,8497876,1909344,4822,0,0,0,0,0,0,0.999448,0.999176,0.999988,1.000000,1.000000,0.000000,0.000000,0.000000,0.000000,0.000000,0.000000
0.315000,19,2025-09-23T21:10:04.078908-07:00,10144481,4999851,8921605,2004687,5056,0,0,0,0,0,0,5535,4095,113,0,0,0,0,0,0,0,0,10150016,5003946,8921718,2004687,5056,0,0,0,0,0,0,0.999455,0.999182,0.999987,1.000000,1.000000,0.000000,0.000000,0.000000,0.000000,0.000000,0.000000
0.315000,20,2025-09-23T21:10:06.080568-07:00,10679506,5263576,9392445,2110502,5326,0,0,0,0,0,0,5763,4267,117,0,0,0,0,0,0,0,0,10685269,5267843,9392562,2110502,5326,0,0,0,0,0,0,0.999461,0.999190,0.999988,1.000000,1.000000,0.000000,0.000000,0.000000,0.000000,0.000000,0.000000
0.315000,21,2025-09-23T21:10:08.086009-07:00,11241362,5540639,9886791,2221613,5610,0,0,0,0,0,0,6013,4442,122,0,0,0,0,0,0,0,0,11247375,5545081,9886913,2221613,5610,0,0,0,0,0,0,0.999465,0.999199,0.999988,1.000000,1.000000,0.000000,0.000000,0.000000,0.000000,0.000000,0.000000
0.315000,22,2025-09-23T21:10:10.087591-07:00,11803303,5817705,10381078,2332686,5885,0,0,0,0,0,0,6264,4632,127,0,0,0,0,0,0,0,0,11809567,5822337,10381205,2332686,5885,0,0,0,0,0,0,0.999470,0.999204,0.999988,1.000000,1.000000,0.000000,0.000000,0.000000,0.000000,0.000000,0.000000
0.315000,23,2025-09-23T21:10:12.089721-07:00,12284792,6055166,10804696,2427927,6125,0,0,0,0,0,0,6467,4787,132,0,0,0,0,0,0,0,0,12291259,6059953,10804828,2427927,6125,0,0,0,0,0,0,0.999474,0.999210,0.999988,1.000000,1.000000,0.000000,0.000000,0.000000,0.000000,0.000000,0.000000
0.315000,24,2025-09-23T21:10:14.090549-07:00,12819926,6319037,11275498,2533691,6392,0,0,0,0,0,0,6702,4965,138,0,0,0,0,0,0,0,0,12826628,6324002,11275636,2533691,6392,0,0,0,0,0,0,0.999477,0.999215,0.999988,1.000000,1.000000,0.000000,0.000000,0.000000,0.000000,0.000000,0.000000
0.315000,25,2025-09-23T21:10:16.09211-07:00,13408381,6609472,11793437,2650008,6693,0,0,0,0,0,0,6945,5162,147,0,0,0,0,0,0,0,0,13415326,6614634,11793584,2650008,6693,0,0,0,0,0,0,0.999482,0.999220,0.999988,1.000000,1.000000,0.000000,0.000000,0.000000,0.000000,0.000000,0.000000
0.315000,26,2025-09-23T21:10:18.093546-07:00,13943423,6873308,12264188,2755846,6954,0,0,0,0,0,0,7173,5346,152,0,0,0,0,0,0,0,0,13950596,6878654,12264340,2755846,6954,0,0,0,0,0,0,0.999486,0.999223,0.999988,1.000000,1.000000,0.000000,0.000000,0.000000,0.000000,0.000000,0.000000
0.315000,27,2025-09-23T21:10:20.095761-07:00,14478483,7136869,12734864,2861706,7220,0,0,0,0,0,0,7419,5529,160,0,0,0,0,0,0,0,0,14485902,7142398,12735024,2861706,7220,0,0,0,0,0,0,0.999488,0.999226,0.999987,1.000000,1.000000,0.000000,0.000000,0.000000,0.000000,0.000000,0.000000
0.315000,28,2025-09-23T21:10:22.097758-07:00,15013490,7400627,13205666,2967508,7486,0,0,0,0,0,0,7650,5712,163,0,0,0,0,0,0,0,0,15021140,7406339,13205829,2967508,7486,0,0,0,0,0,0,0.999491,0.999229,0.999988,1.000000,1.000000,0.000000,0.000000,0.000000,0.000000,0.000000,0.000000
0.315000,29,2025-09-23T21:10:24.099401-07:00,15548540,7664390,13676390,3073211,7751,0,0,0,0,0,0,7878,5908,164,0,0,0,0,0,0,0,0,15556418,7670298,13676554,3073211,7751,0,0,0,0,0,0,0.999494,0.999230,0.999988,1.000000,1.000000,0.000000,0.000000,0.000000,0.000000,0.000000,0.000000
0.315000,30,2025-09-23T21:10:26.100204-07:00,16083679,7928142,14147212,3178971,8014,0,0,0,0,0,0,8097,6106,174,0,0,0,0,0,0,0,0,16091776,7934248,14147386,3178971,8014,0,0,0,0,0,0,0.999497,0.999230,0.999988,1.000000,1.000000,0.000000,0.000000,0.000000,0.000000,0.000000,0.000000
0.315000,31,2025-09-23T21:10:28.102459-07:00,16565258,8165638,14570965,3274126,8255,0,0,0,0,0,0,8318,6280,179,0,0,0,0,0,0,0,0,16573576,8171918,14571144,3274126,8255,0,0,0,0,0,0,0.999498,0.999232,0.999988,1.000000,1.000000,0.000000,0.000000,0.000000,0.000000,0.000000,0.000000
0.315000,32,2025-09-23T21:10:30.103533-07:00,17153822,8455944,15088821,3390409,8542,0,0,0,0,0,0,8568,6483,185,0,0,0,0,0,0,0,0,17162390,8462427,15089006,3390409,8542,0,0,0,0,0,0,0.999501,0.999234,0.999988,1.000000,1.000000,0.000000,0.000000,0.000000,0.000000,0.000000,0.000000
0.315000,33,2025-09-23T21:10:32.104185-07:00,17689067,8719803,15559632,3496217,8810,0,0,0,0,0,0,8821,6661,190,0,0,0,0,0,0,0,0,17697888,8726464,15559822,3496217,8810,0,0,0,0,0,0,0.999502,0.999237,0.999988,1.000000,1.000000,0.000000,0.000000,0.000000,0.000000,0.000000,0.000000
0.315000,34,2025-09-23T21:10:34.105774-07:00,18224138,8983538,16030404,3602039,9073,0,0,0,0,0,0,9039,6820,196,0,0,0,0,0,0,0,0,18233177,8990358,16030600,3602039,9073,0,0,0,0,0,0,0.999504,0.999241,0.999988,1.000000,1.000000,0.000000,0.000000,0.000000,0.000000,0.000000,0.000000
0.315000,35,2025-09-23T21:10:36.108302-07:00,18759194,9247396,16501244,3707849,9333,0,0,0,0,0,0,9302,7000,202,0,0,0,0,0,0,0,0,18768496,9254396,16501446,3707849,9333,0,0,0,0,0,0,0.999504,0.999244,0.999988,1.000000,1.000000,0.000000,0.000000,0.000000,0.000000,0.000000,0.000000
0.315000,36,2025-09-23T21:10:38.109008-07:00,19294379,9511144,16972126,3813637,9600,0,0,0,0,0,0,9550,7171,208,0,0,0,0,0,0,0,0,19303929,9518315,16972334,3813637,9600,0,0,0,0,0,0,0.999505,0.999247,0.999988,1.000000,1.000000,0.000000,0.000000,0.000000,0.000000,0.000000,0.000000
0.315000,37,2025-09-23T21:10:40.110608-07:00,19829722,9774778,17442933,3919404,9862,0,0,0,0,0,0,9788,7359,214,0,0,0,0,0,0,0,0,19839510,9782137,17443147,3919404,9862,0,0,0,0,0,0,0.999507,0.999248,0.999988,1.000000,1.000000,0.000000,0.000000,0.000000,0.000000,0.000000,0.000000
0.315000,38,2025-09-23T21:10:42.11203-07:00,20364824,10038695,17913693,4025146,10125,0,0,0,0,0,0,10030,7564,218,0,0,0,0,0,0,0,0,20374854,10046259,17913911,4025146,10125,0,0,0,0,0,0,0.999508,0.999247,0.999988,1.000000,1.000000,0.000000,0.000000,0.000000,0.000000,0.000000,0.000000
0.315000,39,2025-09-23T21:10:44.114464-07:00,20899984,10302505,18384457,4130939,10396,0,0,0,0,0,0,10255,7743,221,0,0,0,0,0,0,0,0,20910239,10310248,18384678,4130939,10396,0,0,0,0,0,0,0.999510,0.999249,0.999988,1.000000,1.000000,0.000000,0.000000,0.000000,0.000000,0.000000,0.000000
0.315000,40,2025-09-23T21:10:46.115286-07:00,21435067,10566134,18855302,4236696,10661,0,0,0,0,0,0,10497,7936,226,0,0,0,0,0,0,0,0,21445564,10574070,18855528,4236696,10661,0,0,0,0,0,0,0.999511,0.999249,0.999988,1.000000,1.000000,0.000000,0.000000,0.000000,0.000000,0.000000,0.000000
0.315000,41,2025-09-23T21:10:48.11674-07:00,21970143,10829950,19326064,4342500,10932,0,0,0,0,0,0,10732,8137,233,0,0,0,0,0,0,0,0,21980875,10838087,19326297,4342500,10932,0,0,0,0,0,0,0.999512,0.999249,0.999988,1.000000,1.000000,0.000000,0.000000,0.000000,0.000000,0.000000,0.000000
0.315000,42,2025-09-23T21:10:50.118732-07:00,22505260,11093752,19796879,4448302,11208,0,0,0,0,0,0,10965,8331,235,0,0,0,0,0,0,0,0,22516225,11102083,19797114,4448302,11208,0,0,0,0,0,0,0.999513,0.999250,0.999988,1.000000,1.000000,0.000000,0.000000,0.000000,0.000000,0.000000,0.000000
0.315000,43,2025-09-23T21:10:52.119627-07:00,23040246,11357590,20267648,4554062,11471,0,0,0,0,0,0,11204,8525,240,0,0,0,0,0,0,0,0,23051450,11366115,20267888,4554062,11471,0,0,0,0,0,0,0.999514,0.999250,0.999988,1.000000,1.000000,0.000000,0.000000,0.000000,0.000000,0.000000,0.000000
0.315000,44,2025-09-23T21:10:54.121146-07:00,23575358,11621320,20738533,4659796,11736,0,0,0,0,0,0,11444,8727,250,0,0,0,0,0,0,0,0,23586802,11630047,20738783,4659796,11736,0,0,0,0,0,0,0.999515,0.999250,0.999988,1.000000,1.000000,0.000000,0.000000,0.000000,0.000000,0.000000,0.000000
0.315000,45,2025-09-23T21:10:56.121988-07:00,24110412,11885093,21209322,4765601,12003,0,0,0,0,0,0,11685,8925,260,0,0,0,0,0,0,0,0,24122097,11894018,21209582,4765601,12003,0,0,0,0,0,0,0.999516,0.999250,0.999988,1.000000,1.000000,0.000000,0.000000,0.000000,0.000000,0.000000,0.000000
0.315000,46,2025-09-23T21:10:58.122931-07:00,24645504,12148875,21680006,4871420,12263,0,0,0,0,0,0,11927,9114,266,0,0,0,0,0,0,0,0,24657431,12157989,21680272,4871420,12263,0,0,0,0,0,0,0.999516,0.999250,0.999988,1.000000,1.000000,0.000000,0.000000,0.000000,0.000000,0.000000,0.000000
0.315000,47,2025-09-23T21:11:00.123969-07:00,25180572,12412711,22150817,4977179,12527,0,0,0,0,0,0,12157,9313,272,0,0,0,0,0,0,0,0,25192729,12422024,22151089,4977179,12527,0,0,0,0,0,0,0.999517,0.999250,0.999988,1.000000,1.000000,0.000000,0.000000,0.000000,0.000000,0.000000,0.000000
0.315000,48,2025-09-23T21:11:02.148322-07:00,25661994,12650331,22574405,5072389,12760,0,0,0,0,0,0,12358,9472,277,0,0,0,0,0,0,0,0,25674352,12659803,22574682,5072389,12760,0,0,0,0,0,0,0.999519,0.999252,0.999988,1.000000,1.000000,0.000000,0.000000,0.000000,0.000000,0.000000,0.000000
0.315000,49,2025-09-23T21:11:04.150561-07:00,26251182,12951323,23111524,5194042,13067,0,0,0,0,0,0,12619,9687,280,0,0,0,0,0,0,0,0,26263801,12961010,23111804,5194042,13067,0,0,0,0,0,0,0.999520,0.999253,0.999988,1.000000,1.000000,0.000000,0.000000,0.000000,0.000000,0.000000,0.000000
0.320000,0,2025-09-23T21:11:06.153149-07:00,0,0,0,0,0,0,0,0,0,0,0,0,0,0,0,0,0,0,0,0,0,0,0,0,0,0,0,0,0,0,0,0,0,0.000000,0.000000,0.000000,0.000000,0.000000,0.000000,0.000000,0.000000,0.000000,0.000000,0.000000
0.320000,1,2025-09-23T21:11:08.154002-07:00,534997,263936,470737,105761,269,0,0,0,0,0,0,287,200,8,0,0,0,0,0,0,0,0,535284,264136,470745,105761,269,0,0,0,0,0,0,0.999464,0.999243,0.999983,1.000000,1.000000,0.000000,0.000000,0.000000,0.000000,0.000000,0.000000
0.320000,2,2025-09-23T21:11:10.155402-07:00,1069907,527748,941512,211572,537,0,0,0,0,0,0,555,400,17,0,0,0,0,0,0,0,0,1070462,528148,941529,211572,537,0,0,0,0,0,0,0.999482,0.999243,0.999982,1.000000,1.000000,0.000000,0.000000,0.000000,0.000000,0.000000,0.000000
0.320000,3,2025-09-23T21:11:12.156273-07:00,1604825,791498,1412279,317385,800,0,0,0,0,0,0,848,614,29,0,0,0,0,0,0,0,0,1605673,792112,1412308,317385,800,0,0,0,0,0,0,0.999472,0.999225,0.999979,1.000000,1.000000,0.000000,0.000000,0.000000,0.000000,0.000000,0.000000
0.320000,4,2025-09-23T21:11:14.158849-07:00,2139887,1055231,1883122,423178,1058,0,0,0,0,0,0,1136,843,35,0,0,0,0,0,0,0,0,2141023,1056074,1883157,423178,1058,0,0,0,0,0,0,0.999469,0.999202,0.999981,1.000000,1.000000,0.000000,0.000000,0.000000,0.000000,0.000000,0.000000
0.320000,5,2025-09-23T21:11:16.160003-07:00,2674856,1319041,2353942,528961,1318,0,0,0,0,0,0,1426,1054,45,0,0,0,0,0,0,0,0,2676282,1320095,2353987,528961,1318,0,0,0,0,0,0,0.999467,0.999202,0.999981,1.000000,1.000000,0.000000,0.000000,0.000000,0.000000,0.000000,0.000000
0.320000,6,2025-09-23T21:11:18.163216-07:00,3209864,1582845,2824739,634726,1587,0,0,0,0,0,0,1714,1272,52,0,0,0,0,0,0,0,0,3211578,1584117,2824791,634726,1587,0,0,0,0,0,0,0.999466,0.999197,0.999982,1.000000,1.000000,0.000000,0.000000,0.000000,0.000000,0.000000,0.000000
0.320000,7,2025-09-23T21:11:20.164979-07:00,3744774,1846715,3295457,740514,1855,0,0,0,0,0,0,1999,1487,60,0,0,0,0,0,0,0,0,3746773,1848202,3295517,740514,1855,0,0,0,0,0,0,0.999466,0.999195,0.999982,1.000000,1.000000,0.000000,0.000000,0.000000,0.000000,0.000000,0.000000
0.320000,8,2025-09-23T21:11:22.16636-07:00,4279713,2110532,3766211,846334,2122,0,0,0,0,0,0,2301,1691,67,0,0,0,0,0,0,0,0,4282014,2112223,3766278,846334,2122,0,0,0,0,0,0,0.999463,0.999199,0.999982,1.000000,1.000000,0.000000,0.000000,0.000000,0.000000,0.000000,0.000000
0.320000,9,2025-09-23T21:11:24.168383-07:00,4814789,2374263,4237012,952178,2388,0,0,0,0,0,0,2576,1888,70,0,0,0,0,0,0,0,0,4817365,2376151,4237082,952178,2388,0,0,0,0,0,0,0.999465,0.999205,0.999983,1.000000,1.000000,0.000000,0.000000,0.000000,0.000000,0.000000,0.000000
0.320000,10,2025-09-23T21:11:26.169817-07:00,5349780,2638034,4707784,1057965,2646,0,0,0,0,0,0,2865,2109,77,0,0,0,0,0,0,0,0,5352645,2640143,4707861,1057965,2646,0,0,0,0,0,0,0.999465,0.999201,0.999984,1.000000,1.000000,0.000000,0.000000,0.000000,0.000000,0.000000,0.000000
0.320000,11,2025-09-23T21:11:28.171331-07:00,5884622,2901721,5178527,1163810,2917,0,0,0,0,0,0,3156,2300,80,0,0,0,0,0,0,0,0,5887778,2904021,5178607,1163810,2917,0,0,0,0,0,0,0.999464,0.999208,0.999985,1.000000,1.000000,0.000000,0.000000,0.000000,0.000000,0.000000,0.000000
0.320000,12,2025-09-23T21:11:30.171987-07:00,6419603,3165493,5649275,1269620,3182,0,0,0,0,0,0,3439,2509,87,0,0,0,0,0,0,0,0,6423042,3168002,5649362,1269620,3182,0,0,0,0,0,0,0.999465,0.999208,0.999985,1.000000,1.000000,0.000000,0.000000,0.000000,0.000000,0.000000,0.000000
0.320000,13,2025-09-23T21:11:32.173969-07:00,6954699,3429184,6120073,1375429,3444,0,0,0,0,0,0,3723,2720,90,0,0,0,0,0,0,0,0,6958422,3431904,6120163,1375429,3444,0,0,0,0,0,0,0.999465,0.999207,0.999985,1.000000,1.000000,0.000000,0.000000,0.000000,0.000000,0.000000,0.000000
0.320000,14,2025-09-23T21:11:34.174836-07:00,7489653,3692984,6590878,1481211,3705,0,0,0,0,0,0,4036,2938,95,0,0,0,0,0,0,0,0,7493689,3695922,6590973,1481211,3705,0,0,0,0,0,0,0.999461,0.999205,0.999986,1.000000,1.000000,0.000000,0.000000,0.000000,0.000000,0.000000,0.000000
0.320000,15,2025-09-23T21:11:36.175604-07:00,8024696,3956703,7061601,1587045,3974,0,0,0,0,0,0,4328,3135,101,0,0,0,0,0,0,0,0,8029024,3959838,7061702,1587045,3974,0,0,0,0,0,0,0.999461,0.999208,0.999986,1.000000,1.000000,0.000000,0.000000,0.000000,0.000000,0.000000,0.000000
0.320000,16,2025-09-23T21:11:38.176802-07:00,8559543,4220587,7532308,1692855,4245,0,0,0,0,0,0,4614,3338,105,0,0,0,0,0,0,0,0,8564157,4223925,7532413,1692855,4245,0,0,0,0,0,0,0.999461,0.999210,0.999986,1.000000,1.000000,0.000000,0.000000,0.000000,0.000000,0.000000,0.000000
0.320000,17,2025-09-23T21:11:40.179679-07:00,9094462,4484606,8003109,1798716,4516,0,0,0,0,0,0,4893,3529,107,0,0,0,0,0,0,0,0,9099355,4488135,8003216,1798716,4516,0,0,0,0,0,0,0.999462,0.999214,0.999987,1.000000,1.000000,0.000000,0.000000,0.000000,0.000000,0.000000,0.000000
0.320000,18,2025-09-23T21:11:42.181491-07:00,9629496,4748387,8473877,1904523,4777,0,0,0,0,0,0,5173,3724,112,0,0,0,0,0,0,0,0,9634669,4752111,8473989,1904523,4777,0,0,0,0,0,0,0.999463,0.999216,0.999987,1.000000,1.000000,0.000000,0.000000,0.000000,0.000000,0.000000,0.000000
0.320000,19,2025-09-23T21:11:44.185004-07:00,10137749,4998997,8921023,2005043,5032,0,0,0,0,0,0,5453,3923,116,0,0,0,0,0,0,0,0,10143202,5002920,8921139,2005043,5032,0,0,0,0,0,0,0.999462,0.999216,0.999987,1.000000,1.000000,0.000000,0.000000,0.000000,0.000000,0.000000,0.000000
0.320000,20,2025-09-23T21:11:46.186636-07:00,10699420,5276046,9415286,2116181,5308,0,0,0,0,0,0,5763,4140,121,0,0,0,0,0,0,0,0,10705183,5280186,9415407,2116181,5308,0,0,0,0,0,0,0.999462,0.999216,0.999987,1.000000,1.000000,0.000000,0.000000,0.000000,0.000000,0.000000,0.000000
0.320000,21,2025-09-23T21:11:48.187686-07:00,11234594,5539542,9886131,2221924,5577,0,0,0,0,0,0,6062,4335,125,0,0,0,0,0,0,0,0,11240656,5543877,9886256,2221924,5577,0,0,0,0,0,0,0.999461,0.999218,0.999987,1.000000,1.000000,0.000000,0.000000,0.000000,0.000000,0.000000,0.000000
0.320000,22,2025-09-23T21:11:50.189569-07:00,11715961,5776986,10309854,2317189,5822,0,0,0,0,0,0,6308,4515,132,0,0,0,0,0,0,0,0,11722269,5781501,10309986,2317189,5822,0,0,0,0,0,0,0.999462,0.999219,0.999987,1.000000,1.000000,0.000000,0.000000,0.000000,0.000000,0.000000,0.000000
0.320000,23,2025-09-23T21:11:52.191369-07:00,12304491,6067119,10827744,2433565,6122,0,0,0,0,0,0,6640,4719,138,0,0,0,0,0,0,0,0,12311131,6071838,10827882,2433565,6122,0,0,0,0,0,0,0.999461,0.999223,0.999987,1.000000,1.000000,0.000000,0.000000,0.000000,0.000000,0.000000,0.000000
0.320000,24,2025-09-23T21:11:54.193491-07:00,12839371,6331090,11298504,2539405,6390,0,0,0,0,0,0,6943,4919,142,0,0,0,0,0,0,0,0,12846314,6336009,11298646,2539405,6390,0,0,0,0,0,0,0.999460,0.999224,0.999987,1.000000,1.000000,0.000000,0.000000,0.000000,0.000000,0.000000,0.000000
0.320000,25,2025-09-23T21:11:56.194185-07:00,13374334,6594886,11769277,2645200,6658,0,0,0,0,0,0,7237,5119,144,0,0,0,0,0,0,0,0,13381571,6600005,11769421,2645200,6658,0,0,0,0,0,0,0.999459,0.999224,0.999988,1.000000,1.000000,0.000000,0.000000,0.000000,0.000000,0.000000,0.000000
0.320000,26,2025-09-23T21:11:58.196132-07:00,13882337,6845611,12216509,2745707,6912,0,0,0,0,0,0,7515,5326,148,0,0,0,0,0,0,0,0,13889852,6850937,12216657,2745707,6912,0,0,0,0,0,0,0.999459,0.999223,0.999988,1.000000,1.000000,0.000000,0.000000,0.000000,0.000000,0.000000,0.000000
0.320000,27,2025-09-23T21:12:00.197006-07:00,14444001,7122605,12710887,2856802,7191,0,0,0,0,0,0,7845,5542,152,0,0,0,0,0,0,0,0,14451846,7128147,12711039,2856802,7191,0,0,0,0,0,0,0.999457,0.999223,0.999988,1.000000,1.000000,0.000000,0.000000,0.000000,0.000000,0.000000,0.000000
0.320000,28,2025-09-23T21:12:02.199178-07:00,14925442,7359846,13134636,2952026,7426,0,0,0,0,0,0,8117,5718,156,0,0,0,0,0,0,0,0,14933559,7365564,13134792,2952026,7426,0,0,0,0,0,0,0.999456,0.999224,0.999988,1.000000,1.000000,0.000000,0.000000,0.000000,0.000000,0.000000,0.000000
0.320000,29,2025-09-23T21:12:04.200603-07:00,15434095,7618883,13596319,3057812,7697,0,0,0,0,0,0,8371,5927,164,0,0,0,0,0,0,0,0,15442466,7624810,13596483,3057812,7697,0,0,0,0,0,0,0.999458,0.999223,0.999988,1.000000,1.000000,0.000000,0.000000,0.000000,0.000000,0.000000,0.000000
0.320000,30,2025-09-23T21:12:06.201916-07:00,15995751,7895795,14090574,3168880,7977,0,0,0,0,0,0,8687,6157,167,0,0,0,0,0,0,0,0,16004438,7901952,14090741,3168880,7977,0,0,0,0,0,0,0.999457,0.999221,0.999988,1.000000,1.000000,0.000000,0.000000,0.000000,0.000000,0.000000,0.000000
0.320000,31,2025-09-23T21:12:08.203366-07:00,16530651,8159664,14561283,3274705,8241,0,0,0,0,0,0,8974,6380,170,0,0,0,0,0,0,0,0,16539625,8166044,14561453,3274705,8241,0,0,0,0,0,0,0.999457,0.999219,0.999988,1.000000,1.000000,0.000000,0.000000,0.000000,0.000000,0.000000,0.000000
0.320000,32,2025-09-23T21:12:10.203945-07:00,17065609,8423566,15032000,3380578,8506,0,0,0,0,0,0,9228,6582,176,0,0,0,0,0,0,0,0,17074837,8430148,15032176,3380578,8506,0,0,0,0,0,0,0.999460,0.999219,0.999988,1.000000,1.000000,0.000000,0.000000,0.000000,0.000000,0.000000,0.000000
0.320000,33,2025-09-23T21:12:12.205147-07:00,17600592,8687526,15502880,3486425,8771,0,0,0,0,0,0,9482,6788,180,0,0,0,0,0,0,0,0,17610074,8694314,15503060,3486425,8771,0,0,0,0,0,0,0.999462,0.999219,0.999988,1.000000,1.000000,0.000000,0.000000,0.000000,0.000000,0.000000,0.000000
0.320000,34,2025-09-23T21:12:14.206341-07:00,18135572,8951301,15973623,3592205,9039,0,0,0,0,0,0,9768,6975,183,0,0,0,0,0,0,0,0,18145340,8958276,15973806,3592205,9039,0,0,0,0,0,0,0.999462,0.999221,0.999989,1.000000,1.000000,0.000000,0.000000,0.000000,0.000000,0.000000,0.000000
0.320000,35,2025-09-23T21:12:16.20813-07:00,18670435,9215234,16444280,3698023,9305,0,0,0,0,0,0,10047,7201,190,0,0,0,0,0,0,0,0,18680482,9222435,16444470,3698023,9305,0,0,0,0,0,0,0.999462,0.999219,0.999988,1.000000,1.000000,0.000000,0.000000,0.000000,0.000000,0.000000,0.000000
0.320000,36,2025-09-23T21:12:18.215459-07:00,19205176,9479226,16915030,3803826,9572,0,0,0,0,0,0,10346,7411,195,0,0,0,0,0,0,0,0,19215522,9486637,16915225,3803826,9572,0,0,0,0,0,0,0.999462,0.999219,0.999988,1.000000,1.000000,0.000000,0.000000,0.000000,0.000000,0.000000,0.000000
0.320000,37,2025-09-23T21:12:20.217346-07:00,19739924,9743078,17385843,3909626,9833,0,0,0,0,0,0,10642,7626,200,0,0,0,0,0,0,0,0,19750566,9750704,17386043,3909626,9833,0,0,0,0,0,0,0.999461,0.999218,0.999988,1.000000,1.000000,0.000000,0.000000,0.000000,0.000000,0.000000,0.000000
0.320000,38,2025-09-23T21:12:22.218762-07:00,20274895,10007008,17856688,4015396,10092,0,0,0,0,0,0,10932,7842,203,0,0,0,0,0,0,0,0,20285827,10014850,17856891,4015396,10092,0,0,0,0,0,0,0.999461,0.999217,0.999989,1.000000,1.000000,0.000000,0.000000,0.000000,0.000000,0.000000,0.000000
0.320000,39,2025-09-23T21:12:24.219535-07:00,20809967,10270674,18327415,4121205,10355,0,0,0,0,0,0,11221,8048,204,0,0,0,0,0,0,0,0,20821188,10278722,18327619,4121205,10355,0,0,0,0,0,0,0.999461,0.999217,0.999989,1.000000,1.000000,0.000000,0.000000,0.000000,0.000000,0.000000,0.000000
0.320000,40,2025-09-23T21:12:26.221033-07:00,21344860,10534643,18798212,4227038,10622,0,0,0,0,0,0,11509,8260,207,0,0,0,0,0,0,0,0,21356369,10542903,18798419,4227038,10622,0,0,0,0,0,0,0.999461,0.999217,0.999989,1.000000,1.000000,0.000000,0.000000,0.000000,0.000000,0.000000,0.000000
0.320000,41,2025-09-23T21:12:28.221822-07:00,21879760,10798598,19268936,4332827,10887,0,0,0,0,0,0,11818,8471,209,0,0,0,0,0,0,0,0,21891578,10807069,19269145,4332827,10887,0,0,0,0,0,0,0.999460,0.999216,0.999989,1.000000,1.000000,0.000000,0.000000,0.000000,0.000000,0.000000,0.000000
0.320000,42,2025-09-23T21:12:30.223801-07:00,22414775,11062445,19739780,4438679,11156,0,0,0,0,0,0,12110,8656,214,0,0,0,0,0,0,0,0,22426885,11071101,19739994,4438679,11156,0,0,0,0,0,0,0.999460,0.999218,0.999989,1.000000,1.000000,0.000000,0.000000,0.000000,0.000000,0.000000,0.000000
0.320000,43,2025-09-23T21:12:32.225891-07:00,22949695,11326379,20210607,4544486,11422,0,0,0,0,0,0,12398,8873,220,0,0,0,0,0,0,0,0,22962093,11335252,20210827,4544486,11422,0,0,0,0,0,0,0.999460,0.999217,0.999989,1.000000,1.000000,0.000000,0.000000,0.000000,0.000000,0.000000,0.000000
0.320000,44,2025-09-23T21:12:34.228309-07:00,23484741,11590055,20681350,4650291,11684,0,0,0,0,0,0,12685,9089,222,0,0,0,0,0,0,0,0,23497426,11599144,20681572,4650291,11684,0,0,0,0,0,0,0.999460,0.999216,0.999989,1.000000,1.000000,0.000000,0.000000,0.000000,0.000000,0.000000,0.000000
0.320000,45,2025-09-23T21:12:36.229034-07:00,24019788,11853828,21152179,4756099,11946,0,0,0,0,0,0,12977,9295,223,0,0,0,0,0,0,0,0,24032765,11863123,21152402,4756099,11946,0,0,0,0,0,0,0.999460,0.999216,0.999989,1.000000,1.000000,0.000000,0.000000,0.000000,0.000000,0.000000,0.000000
0.320000,46,2025-09-23T21:12:38.230855-07:00,24554664,12117649,21622961,4861916,12202,0,0,0,0,0,0,13273,9494,226,0,0,0,0,0,0,0,0,24567937,12127143,21623187,4861916,12202,0,0,0,0,0,0,0.999460,0.999217,0.999990,1.000000,1.000000,0.000000,0.000000,0.000000,0.000000,0.000000,0.000000
0.320000,47,2025-09-23T21:12:40.232671-07:00,25089628,12381459,22093756,4967738,12462,0,0,0,0,0,0,13563,9674,230,0,0,0,0,0,0,0,0,25103191,12391133,22093986,4967738,12462,0,0,0,0,0,0,0.999460,0.999219,0.999990,1.000000,1.000000,0.000000,0.000000,0.000000,0.000000,0.000000,0.000000
0.320000,48,2025-09-23T21:12:42.234624-07:00,25624365,12645359,22564495,5073537,12728,0,0,0,0,0,0,13846,9870,234,0,0,0,0,0,0,0,0,25638211,12655229,22564729,5073537,12728,0,0,0,0,0,0,0.999460,0.999220,0.999990,1.000000,1.000000,0.000000,0.000000,0.000000,0.000000,0.000000,0.000000
0.320000,49,2025-09-23T21:12:44.23634-07:00,26159412,12909121,23035268,5179426,12991,0,0,0,0,0,0,14145,10059,235,0,0,0,0,0,0,0,0,26173557,12919180,23035503,5179426,12991,0,0,0,0,0,0,0.999460,0.999221,0.999990,1.000000,1.000000,0.000000,0.000000,0.000000,0.000000,0.000000,0.000000
0.325000,0,2025-09-23T21:12:46.238992-07:00,0,0,0,0,0,0,0,0,0,0,0,0,0,0,0,0,0,0,0,0,0,0,0,0,0,0,0,0,0,0,0,0,0,0.000000,0.000000,0.000000,0.000000,0.000000,0.000000,0.000000,0.000000,0.000000,0.000000,0.000000
0.325000,1,2025-09-23T21:12:48.240715-07:00,535224,263807,470755,105860,273,0,0,0,0,0,0,209,164,19,0,0,0,0,0,0,0,0,535433,263971,470774,105860,273,0,0,0,0,0,0,0.999610,0.999379,0.999960,1.000000,1.000000,0.000000,0.000000,0.000000,0.000000,0.000000,0.000000
0.325000,2,2025-09-23T21:12:50.242813-07:00,1070285,527626,941526,211726,540,0,0,0,0,0,0,438,317,41,0,0,0,0,0,0,0,0,1070723,527943,941567,211726,540,0,0,0,0,0,0,0.999591,0.999400,0.999956,1.000000,1.000000,0.000000,0.000000,0.000000,0.000000,0.000000,0.000000
0.325000,3,2025-09-23T21:12:52.245156-07:00,1605229,791427,1412294,317526,801,0,0,0,0,0,0,689,465,69,0,0,0,0,0,0,0,0,1605918,791892,1412363,317526,801,0,0,0,0,0,0,0.999571,0.999413,0.999951,1.000000,1.000000,0.000000,0.000000,0.000000,0.000000,0.000000,0.000000
0.325000,4,2025-09-23T21:12:54.246518-07:00,2140340,1055320,1883081,423315,1067,0,0,0,0,0,0,912,609,92,0,0,0,0,0,0,0,0,2141252,1055929,1883173,423315,1067,0,0,0,0,0,0,0.999574,0.999423,0.999951,1.000000,1.000000,0.000000,0.000000,0.000000,0.000000,0.000000,0.000000
0.325000,5,2025-09-23T21:12:56.248079-07:00,2675290,1319152,2353756,529110,1336,0,0,0,0,0,0,1149,760,112,0,0,0,0,0,0,0,0,2676439,1319912,2353868,529110,1336,0,0,0,0,0,0,0.999571,0.999424,0.999952,1.000000,1.000000,0.000000,0.000000,0.000000,0.000000,0.000000,0.000000
0.325000,6,2025-09-23T21:12:58.249207-07:00,3210438,1583048,2824637,634858,1602,0,0,0,0,0,0,1403,925,139,0,0,0,0,0,0,0,0,3211841,1583973,2824776,634858,1602,0,0,0,0,0,0,0.999563,0.999416,0.999951,1.000000,1.000000,0.000000,0.000000,0.000000,0.000000,0.000000,0.000000
0.325000,7,2025-09-23T21:13:00.25194-07:00,3745523,1846955,3295454,740716,1866,0,0,0,0,0,0,1641,1073,165,0,0,0,0,0,0,0,0,3747164,1848028,3295619,740716,1866,0,0,0,0,0,0,0.999562,0.999419,0.999950,1.000000,1.000000,0.000000,0.000000,0.000000,0.000000,0.000000,0.000000
0.325000,8,2025-09-23T21:13:02.267151-07:00,4280533,2110950,3766262,846568,2125,0,0,0,0,0,0,1874,1242,183,0,0,0,0,0,0,0,0,4282407,2112192,3766445,846568,2125,0,0,0,0,0,0,0.999562,0.999412,0.999951,1.000000,1.000000,0.000000,0.000000,0.000000,0.000000,0.000000,0.000000
0.325000,9,2025-09-23T21:13:04.278175-07:00,4815569,2374688,4236948,952356,2389,0,0,0,0,0,0,2114,1401,205,0,0,0,0,0,0,0,0,4817683,2376089,4237153,952356,2389,0,0,0,0,0,0,0.999561,0.999410,0.999952,1.000000,1.000000,0.000000,0.000000,0.000000,0.000000,0.000000,0.000000
0.325000,10,2025-09-23T21:13:06.279696-07:00,5350591,2638506,4707770,1058127,2659,0,0,0,0,0,0,2354,1551,228,0,0,0,0,0,0,0,0,5352945,2640057,4707998,1058127,2659,0,0,0,0,0,0,0.999560,0.999413,0.999952,1.000000,1.000000,0.000000,0.000000,0.000000,0.000000,0.000000,0.000000
0.325000,11,2025-09-23T21:13:08.280613-07:00,5885763,2902330,5178465,1163950,2930,0,0,0,0,0,0,2590,1712,252,0,0,0,0,0,0,0,0,5888353,2904042,5178717,1163950,2930,0,0,0,0,0,0,0.999560,0.999410,0.999951,1.000000,1.000000,0.000000,0.000000,0.000000,0.000000,0.000000,0.000000
0.325000,12,2025-09-23T21:13:10.281343-07:00,6420835,3166215,5649259,1269691,3196,0,0,0,0,0,0,2842,1879,272,0,0,0,0,0,0,0,0,6423677,3168094,5649531,1269691,3196,0,0,0,0,0,0,0.999558,0.999407,0.999952,1.000000,1.000000,0.000000,0.000000,0.000000,0.000000,0.000000,0.000000
0.325000,13,2025-09-23T21:13:12.283091-07:00,6955999,3430242,6120110,1375488,3468,0,0,0,0,0,0,3090,2026,295,0,0,0,0,0,0,0,0,6959089,3432268,6120405,1375488,3468,0,0,0,0,0,0,0.999556,0.999410,0.999952,1.000000,1.000000,0.000000,0.000000,0.000000,0.000000,0.000000,0.000000
0.325000,14,2025-09-23T21:13:14.284418-07:00,7491037,3694073,6590933,1481259,3732,0,0,0,0,0,0,3304,2198,316,0,0,0,0,0,0,0,0,7494341,3696271,6591249,1481259,3732,0,0,0,0,0,0,0.999559,0.999405,0.999952,1.000000,1.000000,0.000000,0.000000,0.000000,0.000000,0.000000,0.000000
0.325000,15,2025-09-23T21:13:16.285237-07:00,8026052,3957804,7061705,1587073,3999,0,0,0,0,0,0,3526,2365,341,0,0,0,0,0,0,0,0,8029578,3960169,7062046,1587073,3999,0,0,0,0,0,0,0.999561,0.999403,0.999952,1.000000,1.000000,0.000000,0.000000,0.000000,0.000000,0.000000,0.000000
0.325000,16,2025-09-23T21:13:18.286373-07:00,8561068,4221678,7532496,1692934,4265,0,0,0,0,0,0,3767,2522,366,0,0,0,0,0,0,0,0,8564835,4224200,7532862,1692934,4265,0,0,0,0,0,0,0.999560,0.999403,0.999951,1.000000,1.000000,0.000000,0.000000,0.000000,0.000000,0.000000,0.000000
0.325000,17,2025-09-23T21:13:20.287696-07:00,9122817,4498588,8026749,1804071,4542,0,0,0,0,0,0,4019,2695,387,0,0,0,0,0,0,0,0,9126836,4501283,8027136,1804071,4542,0,0,0,0,0,0,0.999560,0.999401,0.999952,1.000000,1.000000,0.000000,0.000000,0.000000,0.000000,0.000000,0.000000
0.325000,18,2025-09-23T21:13:22.288556-07:00,9657867,4762490,8497581,1909942,4806,0,0,0,0,0,0,4234,2858,412,0,0,0,0,0,0,0,0,9662101,4765348,8497993,1909942,4806,0,0,0,0,0,0,0.999562,0.999400,0.999952,1.000000,1.000000,0.000000,0.000000,0.000000,0.000000,0.000000,0.000000
0.325000,19,2025-09-23T21:13:24.289966-07:00,10193047,5026266,8968350,2015701,5068,0,0,0,0,0,0,4464,3019,434,0,0,0,0,0,0,0,0,10197511,5029285,8968784,2015701,5068,0,0,0,0,0,0,0.999562,0.999400,0.999952,1.000000,1.000000,0.000000,0.000000,0.000000,0.000000,0.000000,0.000000
0.325000,20,2025-09-23T21:13:26.290719-07:00,10728066,5290029,9439047,2121467,5339,0,0,0,0,0,0,4719,3178,459,0,0,0,0,0,0,0,0,10732785,5293207,9439506,2121467,5339,0,0,0,0,0,0,0.999560,0.999400,0.999951,1.000000,1.000000,0.000000,0.000000,0.000000,0.000000,0.000000,0.000000
0.325000,21,2025-09-23T21:13:28.292661-07:00,11263120,5553845,9909887,2227251,5606,0,0,0,0,0,0,4930,3336,481,0,0,0,0,0,0,0,0,11268050,5557181,9910368,2227251,5606,0,0,0,0,0,0,0.999562,0.999400,0.999951,1.000000,1.000000,0.000000,0.000000,0.000000,0.000000,0.000000,0.000000
0.325000,22,2025-09-23T21:13:30.294399-07:00,11798210,5817810,10380703,2333091,5865,0,0,0,0,0,0,5164,3487,502,0,0,0,0,0,0,0,0,11803374,5821297,10381205,2333091,5865,0,0,0,0,0,0,0.999562,0.999401,0.999952,1.000000,1.000000,0.000000,0.000000,0.000000,0.000000,0.000000,0.000000
0.325000,23,2025-09-23T21:13:32.298361-07:00,12333262,6081759,10851493,2438872,6123,0,0,0,0,0,0,5357,3650,522,0,0,0,0,0,0,0,0,12338619,6085409,10852015,2438872,6123,0,0,0,0,0,0,0.999566,0.999400,0.999952,1.000000,1.000000,0.000000,0.000000,0.000000,0.000000,0.000000,0.000000
0.325000,24,2025-09-23T21:13:34.303187-07:00,12868229,6345677,11322281,2544690,6383,0,0,0,0,0,0,5567,3790,545,0,0,0,0,0,0,0,0,12873796,6349467,11322826,2544690,6383,0,0,0,0,0,0,0.999568,0.999403,0.999952,1.000000,1.000000,0.000000,0.000000,0.000000,0.000000,0.000000,0.000000
0.325000,25,2025-09-23T21:13:36.304071-07:00,13403369,6609542,11793037,2650516,6643,0,0,0,0,0,0,5813,3944,570,0,0,0,0,0,0,0,0,13409182,6613486,11793607,2650516,6643,0,0,0,0,0,0,0.999566,0.999404,0.999952,1.000000,1.000000,0.000000,0.000000,0.000000,0.000000,0.000000,0.000000
0.325000,26,2025-09-23T21:13:38.306179-07:00,13938507,6873328,12263791,2756404,6907,0,0,0,0,0,0,6042,4106,589,0,0,0,0,0,0,0,0,13944549,6877434,12264380,2756404,6907,0,0,0,0,0,0,0.999567,0.999403,0.999952,1.000000,1.000000,0.000000,0.000000,0.000000,0.000000,0.000000,0.000000
0.325000,27,2025-09-23T21:13:40.309297-07:00,14473584,7137187,12734513,2862246,7171,0,0,0,0,0,0,6260,4261,612,0,0,0,0,0,0,0,0,14479844,7141448,12735125,2862246,7171,0,0,0,0,0,0,0.999568,0.999403,0.999952,1.000000,1.000000,0.000000,0.000000,0.000000,0.000000,0.000000,0.000000
0.325000,28,2025-09-23T21:13:42.309905-07:00,15008821,7400954,13205242,2968035,7435,0,0,0,0,0,0,6487,4414,636,0,0,0,0,0,0,0,0,15015308,7405368,13205878,2968035,7435,0,0,0,0,0,0,0.999568,0.999404,0.999952,1.000000,1.000000,0.000000,0.000000,0.000000,0.000000,0.000000,0.000000
0.325000,29,2025-09-23T21:13:44.312472-07:00,15543997,7664765,13676017,3073780,7704,0,0,0,0,0,0,6737,4588,657,0,0,0,0,0,0,0,0,15550734,7669353,13676674,3073780,7704,0,0,0,0,0,0,0.999567,0.999402,0.999952,1.000000,1.000000,0.000000,0.000000,0.000000,0.000000,0.000000,0.000000
0.325000,30,2025-09-23T21:13:46.315451-07:00,16079082,7928560,14146813,3179490,7968,0,0,0,0,0,0,6940,4753,675,0,0,0,0,0,0,0,0,16086022,7933313,14147488,3179490,7968,0,0,0,0,0,0,0.999569,0.999401,0.999952,1.000000,1.000000,0.000000,0.000000,0.000000,0.000000,0.000000,0.000000
0.325000,31,2025-09-23T21:13:48.317409-07:00,16614089,8192544,14617625,3285317,8231,0,0,0,0,0,0,7206,4911,696,0,0,0,0,0,0,0,0,16621295,8197455,14618321,3285317,8231,0,0,0,0,0,0,0.999566,0.999401,0.999952,1.000000,1.000000,0.000000,0.000000,0.000000,0.000000,0.000000,0.000000
0.325000,32,2025-09-23T21:13:50.317892-07:00,17149045,8456387,15088381,3391090,8494,0,0,0,0,0,0,7414,5068,716,0,0,0,0,0,0,0,0,17156459,8461455,15089097,3391090,8494,0,0,0,0,0,0,0.999568,0.999401,0.999953,1.000000,1.000000,0.000000,0.000000,0.000000,0.000000,0.000000,0.000000
0.325000,33,2025-09-23T21:13:52.321016-07:00,17683945,8720361,15559146,3496951,8761,0,0,0,0,0,0,7635,5225,737,0,0,0,0,0,0,0,0,17691580,8725586,15559883,3496951,8761,0,0,0,0,0,0,0.999568,0.999401,0.999953,1.000000,1.000000,0.000000,0.000000,0.000000,0.000000,0.000000,0.000000
0.325000,34,2025-09-23T21:13:54.323166-07:00,18215930,8984138,16029967,3602726,9025,0,0,0,0,0,0,7867,5365,769,0,0,0,0,0,0,0,0,18223797,8989503,16030736,3602726,9025,0,0,0,0,0,0,0.999568,0.999403,0.999952,1.000000,1.000000,0.000000,0.000000,0.000000,0.000000,0.000000,0.000000
0.325000,35,2025-09-23T21:13:56.32375-07:00,18751145,9247808,16500785,3708531,9294,0,0,0,0,0,0,8120,5528,790,0,0,0,0,0,0,0,0,18759265,9253336,16501575,3708531,9294,0,0,0,0,0,0,0.999567,0.999403,0.999952,1.000000,1.000000,0.000000,0.000000,0.000000,0.000000,0.000000,0.000000
0.325000,36,2025-09-23T21:13:58.324554-07:00,19286327,9511633,16971657,3814286,9558,0,0,0,0,0,0,8326,5692,811,0,0,0,0,0,0,0,0,19294653,9517325,16972468,3814286,9558,0,0,0,0,0,0,0.999568,0.999402,0.999952,1.000000,1.000000,0.000000,0.000000,0.000000,0.000000,0.000000,0.000000
0.325000,37,2025-09-23T21:14:00.326051-07:00,19821296,9775498,17442407,3920035,9828,0,0,0,0,0,0,8552,5851,837,0,0,0,0,0,0,0,0,19829848,9781349,17443244,3920035,9828,0,0,0,0,0,0,0.999569,0.999402,0.999952,1.000000,1.000000,0.000000,0.000000,0.000000,0.000000,0.000000,0.000000
0.325000,38,2025-09-23T21:14:02.32937-07:00,20356502,10039373,17913106,4025868,10095,0,0,0,0,0,0,8790,6011,860,0,0,0,0,0,0,0,0,20365292,10045384,17913966,4025868,10095,0,0,0,0,0,0,0.999568,0.999402,0.999952,1.000000,1.000000,0.000000,0.000000,0.000000,0.000000,0.000000,0.000000
0.325000,39,2025-09-23T21:14:04.330509-07:00,20878415,10300466,18365979,4130894,10357,0,0,0,0,0,0,8989,6177,886,0,0,0,0,0,0,0,0,20887404,10306643,18366865,4130894,10357,0,0,0,0,0,0,0.999570,0.999401,0.999952,1.000000,1.000000,0.000000,0.000000,0.000000,0.000000,0.000000,0.000000
0.325000,40,2025-09-23T21:14:06.332082-07:00,21413458,10564327,18836813,4236677,10623,0,0,0,0,0,0,9224,6337,910,0,0,0,0,0,0,0,0,21422682,10570664,18837723,4236677,10623,0,0,0,0,0,0,0.999569,0.999401,0.999952,1.000000,1.000000,0.000000,0.000000,0.000000,0.000000,0.000000,0.000000
0.325000,41,2025-09-23T21:14:08.333374-07:00,21948525,10828239,19307592,4342462,10882,0,0,0,0,0,0,9437,6512,932,0,0,0,0,0,0,0,0,21957962,10834751,19308524,4342462,10882,0,0,0,0,0,0,0.999570,0.999399,0.999952,1.000000,1.000000,0.000000,0.000000,0.000000,0.000000,0.000000,0.000000
0.325000,42,2025-09-23T21:14:10.337256-07:00,22483690,11091833,19778371,4448218,11143,0,0,0,0,0,0,9666,6692,948,0,0,0,0,0,0,0,0,22493356,11098525,19779319,4448218,11143,0,0,0,0,0,0,0.999570,0.999397,0.999952,1.000000,1.000000,0.000000,0.000000,0.000000,0.000000,0.000000,0.000000
0.325000,43,2025-09-23T21:14:12.338981-07:00,23018698,11355713,20249159,4553998,11411,0,0,0,0,0,0,9895,6872,971,0,0,0,0,0,0,0,0,23028593,11362585,20250130,4553998,11411,0,0,0,0,0,0,0.999570,0.999395,0.999952,1.000000,1.000000,0.000000,0.000000,0.000000,0.000000,0.000000,0.000000
0.325000,44,2025-09-23T21:14:14.341048-07:00,23553634,11619549,20719943,4659818,11677,0,0,0,0,0,0,10124,7034,994,0,0,0,0,0,0,0,0,23563758,11626583,20720937,4659818,11677,0,0,0,0,0,0,0.999570,0.999395,0.999952,1.000000,1.000000,0.000000,0.000000,0.000000,0.000000,0.000000,0.000000
0.325000,45,2025-09-23T21:14:16.343561-07:00,24088664,11883561,21190736,4765633,11940,0,0,0,0,0,0,10352,7203,1013,0,0,0,0,0,0,0,0,24099016,11890764,21191749,4765633,11940,0,0,0,0,0,0,0.999570,0.999394,0.999952,1.000000,1.000000,0.000000,0.000000,0.000000,0.000000,0.000000,0.000000
0.325000,46,2025-09-23T21:14:18.348756-07:00,24623832,12147349,21661614,4871448,12213,0,0,0,0,0,0,10586,7376,1035,0,0,0,0,0,0,0,0,24634418,12154725,21662649,4871448,12213,0,0,0,0,0,0,0.999570,0.999393,0.999952,1.000000,1.000000,0.000000,0.000000,0.000000,0.000000,0.000000,0.000000
0.325000,47,2025-09-23T21:14:20.352616-07:00,25158863,12411337,22132538,4977301,12472,0,0,0,0,0,0,10833,7560,1055,0,0,0,0,0,0,0,0,25169696,12418897,22133593,4977301,12472,0,0,0,0,0,0,0.999570,0.999391,0.999952,1.000000,1.000000,0.000000,0.000000,0.000000,0.000000,0.000000,0.000000
0.325000,48,2025-09-23T21:14:22.356192-07:00,25693876,12675253,22603426,5083096,12738,0,0,0,0,0,0,11049,7716,1081,0,0,0,0,0,0,0,0,25704925,12682969,22604507,5083096,12738,0,0,0,0,0,0,0.999570,0.999392,0.999952,1.000000,1.000000,0.000000,0.000000,0.000000,0.000000,0.000000,0.000000
0.325000,49,2025-09-23T21:14:24.359037-07:00,26228794,12939141,23074188,5188887,12996,0,0,0,0,0,0,11278,7891,1104,0,0,0,0,0,0,0,0,26240072,12947032,23075292,5188887,12996,0,0,0,0,0,0,0.999570,0.999391,0.999952,1.000000,1.000000,0.000000,0.000000,0.000000,0.000000,0.000000,0.000000
0.330000,0,2025-09-23T21:14:26.362661-07:00,0,0,0,0,0,0,0,0,0,0,0,0,0,0,0,0,0,0,0,0,0,0,0,0,0,0,0,0,0,0,0,0,0,0.000000,0.000000,0.000000,0.000000,0.000000,0.000000,0.000000,0.000000,0.000000,0.000000,0.000000
0.330000,1,2025-09-23T21:14:28.363494-07:00,535142,263820,470788,105823,263,0,0,0,0,0,0,239,174,39,0,0,0,0,0,0,0,0,535381,263994,470827,105823,263,0,0,0,0,0,0,0.999554,0.999341,0.999917,1.000000,1.000000,0.000000,0.000000,0.000000,0.000000,0.000000,0.000000
0.330000,2,2025-09-23T21:14:30.364424-07:00,1070248,527526,941539,211637,526,0,0,0,0,0,0,501,376,68,0,0,0,0,0,0,0,0,1070749,527902,941607,211637,526,0,0,0,0,0,0,0.999532,0.999288,0.999928,1.000000,1.000000,0.000000,0.000000,0.000000,0.000000,0.000000,0.000000
0.330000,3,2025-09-23T21:14:32.36536-07:00,1605260,791207,1412331,317418,789,0,0,0,0,0,0,780,577,103,0,0,0,0,0,0,0,0,1606040,791784,1412434,317418,789,0,0,0,0,0,0,0.999514,0.999271,0.999927,1.000000,1.000000,0.000000,0.000000,0.000000,0.000000,0.000000,0.000000
0.330000,4,2025-09-23T21:14:34.366017-07:00,2140233,1055125,1883069,423154,1052,0,0,0,0,0,0,1011,755,138,0,0,0,0,0,0,0,0,2141244,1055880,1883207,423154,1052,0,0,0,0,0,0,0.999528,0.999285,0.999927,1.000000,1.000000,0.000000,0.000000,0.000000,0.000000,0.000000,0.000000
0.330000,5,2025-09-23T21:14:36.366532-07:00,2675352,1318981,2353920,529052,1317,0,0,0,0,0,0,1272,915,171,0,0,0,0,0,0,0,0,2676624,1319896,2354091,529052,1317,0,0,0,0,0,0,0.999525,0.999307,0.999927,1.000000,1.000000,0.000000,0.000000,0.000000,0.000000,0.000000,0.000000
0.330000,6,2025-09-23T21:14:38.367926-07:00,3210286,1582783,2824670,634931,1582,0,0,0,0,0,0,1529,1120,209,0,0,0,0,0,0,0,0,3211815,1583903,2824879,634931,1582,0,0,0,0,0,0,0.999524,0.999293,0.999926,1.000000,1.000000,0.000000,0.000000,0.000000,0.000000,0.000000,0.000000
0.330000,7,2025-09-23T21:14:40.372616-07:00,3745237,1846702,3295442,740687,1849,0,0,0,0,0,0,1786,1319,243,0,0,0,0,0,0,0,0,3747023,1848021,3295685,740687,1849,0,0,0,0,0,0,0.999523,0.999286,0.999926,1.000000,1.000000,0.000000,0.000000,0.000000,0.000000,0.000000,0.000000
0.330000,8,2025-09-23T21:14:42.374162-07:00,4280366,2110412,3766208,846464,2117,0,0,0,0,0,0,2053,1507,282,0,0,0,0,0,0,0,0,4282419,2111919,3766490,846464,2117,0,0,0,0,0,0,0.999521,0.999286,0.999925,1.000000,1.000000,0.000000,0.000000,0.000000,0.000000,0.000000,0.000000
0.330000,9,2025-09-23T21:14:44.376765-07:00,4841965,2387521,4260471,957505,2401,0,0,0,0,0,0,2290,1709,314,0,0,0,0,0,0,0,0,4844255,2389230,4260785,957505,2401,0,0,0,0,0,0,0.999527,0.999285,0.999926,1.000000,1.000000,0.000000,0.000000,0.000000,0.000000,0.000000,0.000000
0.330000,10,2025-09-23T21:14:46.379259-07:00,5376857,2651251,4731200,1063262,2665,0,0,0,0,0,0,2560,1918,349,0,0,0,0,0,0,0,0,5379417,2653169,4731549,1063262,2665,0,0,0,0,0,0,0.999524,0.999277,0.999926,1.000000,1.000000,0.000000,0.000000,0.000000,0.000000,0.000000,0.000000
0.330000,11,2025-09-23T21:14:48.384697-07:00,5911763,2915000,5202013,1169032,2935,0,0,0,0,0,0,2817,2119,383,0,0,0,0,0,0,0,0,5914580,2917119,5202396,1169032,2935,0,0,0,0,0,0,0.999524,0.999274,0.999926,1.000000,1.000000,0.000000,0.000000,0.000000,0.000000,0.000000,0.000000
0.330000,12,2025-09-23T21:14:50.387988-07:00,6444644,3178854,5672803,1274864,3205,0,0,0,0,0,0,3069,2301,419,0,0,0,0,0,0,0,0,6447713,3181155,5673222,1274864,3205,0,0,0,0,0,0,0.999524,0.999277,0.999926,1.000000,1.000000,0.000000,0.000000,0.000000,0.000000,0.000000,0.000000
0.330000,13,2025-09-23T21:14:52.392248-07:00,6979782,3442676,6143593,1380652,3469,0,0,0,0,0,0,3316,2497,454,0,0,0,0,0,0,0,0,6983098,3445173,6144047,1380652,3469,0,0,0,0,0,0,0.999525,0.999275,0.999926,1.000000,1.000000,0.000000,0.000000,0.000000,0.000000,0.000000,0.000000
0.330000,14,2025-09-23T21:14:54.395228-07:00,7514857,3706307,6614377,1486490,3735,0,0,0,0,0,0,3577,2676,488,0,0,0,0,0,0,0,0,7518434,3708983,6614865,1486490,3735,0,0,0,0,0,0,0.999524,0.999279,0.999926,1.000000,1.000000,0.000000,0.000000,0.000000,0.000000,0.000000,0.000000
0.330000,15,2025-09-23T21:14:56.399315-07:00,8049962,3970067,7085236,1592177,3996,0,0,0,0,0,0,3814,2869,517,0,0,0,0,0,0,0,0,8053776,3972936,7085753,1592177,3996,0,0,0,0,0,0,0.999526,0.999278,0.999927,1.000000,1.000000,0.000000,0.000000,0.000000,0.000000,0.000000,0.000000
0.330000,16,2025-09-23T21:14:58.401869-07:00,8585016,4233896,7555950,1697963,4258,0,0,0,0,0,0,4070,3051,546,0,0,0,0,0,0,0,0,8589086,4236947,7556496,1697963,4258,0,0,0,0,0,0,0.999526,0.999280,0.999928,1.000000,1.000000,0.000000,0.000000,0.000000,0.000000,0.000000,0.000000
0.330000,17,2025-09-23T21:15:00.404155-07:00,9119978,4497744,8026806,1803693,4521,0,0,0,0,0,0,4311,3248,574,0,0,0,0,0,0,0,0,9124289,4500992,8027380,1803693,4521,0,0,0,0,0,0,0.999528,0.999278,0.999928,1.000000,1.000000,0.000000,0.000000,0.000000,0.000000,0.000000,0.000000
0.330000,18,2025-09-23T21:15:02.407583-07:00,9655133,4761474,8497562,1909475,4794,0,0,0,0,0,0,4551,3455,600,0,0,0,0,0,0,0,0,9659684,4764929,8498162,1909475,4794,0,0,0,0,0,0,0.999529,0.999275,0.999929,1.000000,1.000000,0.000000,0.000000,0.000000,0.000000,0.000000,0.000000
0.330000,19,2025-09-23T21:15:04.411842-07:00,10163740,5012114,8944895,2010041,5049,0,0,0,0,0,0,4785,3620,630,0,0,0,0,0,0,0,0,10168525,5015734,8945525,2010041,5049,0,0,0,0,0,0,0.999529,0.999278,0.999930,1.000000,1.000000,0.000000,0.000000,0.000000,0.000000,0.000000,0.000000
0.330000,20,2025-09-23T21:15:06.415062-07:00,10698700,5275876,9415634,2115863,5311,0,0,0,0,0,0,5037,3811,664,0,0,0,0,0,0,0,0,10703737,5279687,9416298,2115863,5311,0,0,0,0,0,0,0.999529,0.999278,0.999929,1.000000,1.000000,0.000000,0.000000,0.000000,0.000000,0.000000,0.000000
0.330000,21,2025-09-23T21:15:08.456634-07:00,11233683,5539615,9886443,2221738,5576,0,0,0,0,0,0,5279,4011,695,0,0,0,0,0,0,0,0,11238962,5543626,9887138,2221738,5576,0,0,0,0,0,0,0.999530,0.999276,0.999930,1.000000,1.000000,0.000000,0.000000,0.000000,0.000000,0.000000,0.000000
0.330000,22,2025-09-23T21:15:10.459772-07:00,11755968,5801540,10357124,2327551,5840,0,0,0,0,0,0,5517,4212,728,0,0,0,0,0,0,0,0,11761485,5805752,10357852,2327551,5840,0,0,0,0,0,0,0.999531,0.999275,0.999930,1.000000,1.000000,0.000000,0.000000,0.000000,0.000000,0.000000,0.000000
0.330000,23,2025-09-23T21:15:12.463416-07:00,12290804,6065421,10827861,2433288,6104,0,0,0,0,0,0,5789,4416,760,0,0,0,0,0,0,0,0,12296593,6069837,10828621,2433288,6104,0,0,0,0,0,0,0.999529,0.999272,0.999930,1.000000,1.000000,0.000000,0.000000,0.000000,0.000000,0.000000,0.000000
0.330000,24,2025-09-23T21:15:14.465667-07:00,12825858,6329035,11298638,2539025,6369,0,0,0,0,0,0,6039,4607,800,0,0,0,0,0,0,0,0,12831897,6333642,11299438,2539025,6369,0,0,0,0,0,0,0.999529,0.999273,0.999929,1.000000,1.000000,0.000000,0.000000,0.000000,0.000000,0.000000,0.000000
0.330000,25,2025-09-23T21:15:16.466674-07:00,13360911,6592826,11769404,2644824,6628,0,0,0,0,0,0,6274,4803,837,0,0,0,0,0,0,0,0,13367185,6597629,11770241,2644824,6628,0,0,0,0,0,0,0.999531,0.999272,0.999929,1.000000,1.000000,0.000000,0.000000,0.000000,0.000000,0.000000,0.000000
0.330000,26,2025-09-23T21:15:18.470463-07:00,13895968,6856531,12240161,2750574,6897,0,0,0,0,0,0,6547,4996,870,0,0,0,0,0,0,0,0,13902515,6861527,12241031,2750574,6897,0,0,0,0,0,0,0.999529,0.999272,0.999929,1.000000,1.000000,0.000000,0.000000,0.000000,0.000000,0.000000,0.000000
0.330000,27,2025-09-23T21:15:20.472494-07:00,14430980,7120388,12710949,2856367,7161,0,0,0,0,0,0,6783,5188,904,0,0,0,0,0,0,0,0,14437763,7125576,12711853,2856367,7161,0,0,0,0,0,0,0.999530,0.999272,0.999929,1.000000,1.000000,0.000000,0.000000,0.000000,0.000000,0.000000,0.000000
0.330000,28,2025-09-23T21:15:22.473499-07:00,14965958,7384141,13181638,2962175,7427,0,0,0,0,0,0,7050,5372,934,0,0,0,0,0,0,0,0,14973008,7389513,13182572,2962175,7427,0,0,0,0,0,0,0.999529,0.999273,0.999929,1.000000,1.000000,0.000000,0.000000,0.000000,0.000000,0.000000,0.000000
0.330000,29,2025-09-23T21:15:24.477596-07:00,15501073,7647856,13652344,3068024,7685,0,0,0,0,0,0,7312,5564,966,0,0,0,0,0,0,0,0,15508385,7653420,13653310,3068024,7685,0,0,0,0,0,0,0.999529,0.999273,0.999929,1.000000,1.000000,0.000000,0.000000,0.000000,0.000000,0.000000,0.000000
0.330000,30,2025-09-23T21:15:26.481231-07:00,16036042,7911508,14123060,3173799,7952,0,0,0,0,0,0,7570,5753,1004,0,0,0,0,0,0,0,0,16043612,7917261,14124064,3173799,7952,0,0,0,0,0,0,0.999528,0.999273,0.999929,1.000000,1.000000,0.000000,0.000000,0.000000,0.000000,0.000000,0.000000
0.330000,31,2025-09-23T21:15:28.484556-07:00,16571083,8175354,14593787,3279555,8212,0,0,0,0,0,0,7824,5952,1036,0,0,0,0,0,0,0,0,16578907,8181306,14594823,3279555,8212,0,0,0,0,0,0,0.999528,0.999272,0.999929,1.000000,1.000000,0.000000,0.000000,0.000000,0.000000,0.000000,0.000000
0.330000,32,2025-09-23T21:15:30.488177-07:00,17106414,8438929,15064468,3385344,8472,0,0,0,0,0,0,8055,6159,1063,0,0,0,0,0,0,0,0,17114469,8445088,15065531,3385344,8472,0,0,0,0,0,0,0.999529,0.999271,0.999929,1.000000,1.000000,0.000000,0.000000,0.000000,0.000000,0.000000,0.000000
0.330000,33,2025-09-23T21:15:32.490465-07:00,17641508,8702793,15535224,3491138,8733,0,0,0,0,0,0,8289,6366,1099,0,0,0,0,0,0,0,0,17649797,8709159,15536323,3491138,8733,0,0,0,0,0,0,0.999530,0.999269,0.999929,1.000000,1.000000,0.000000,0.000000,0.000000,0.000000,0.000000,0.000000
0.330000,34,2025-09-23T21:15:34.493236-07:00,18176424,8966492,16005937,3596867,8999,0,0,0,0,0,0,8546,6569,1130,0,0,0,0,0,0,0,0,18184970,8973061,16007067,3596867,8999,0,0,0,0,0,0,0.999530,0.999268,0.999929,1.000000,1.000000,0.000000,0.000000,0.000000,0.000000,0.000000,0.000000
0.330000,35,2025-09-23T21:15:36.496673-07:00,18711273,9230328,16476624,3702639,9270,0,0,0,0,0,0,8809,6766,1163,0,0,0,0,0,0,0,0,18720082,9237094,16477787,3702639,9270,0,0,0,0,0,0,0.999529,0.999268,0.999929,1.000000,1.000000,0.000000,0.000000,0.000000,0.000000,0.000000,0.000000
0.330000,36,2025-09-23T21:15:38.497809-07:00,19246283,9494011,16947404,3808472,9534,0,0,0,0,0,0,9061,6931,1196,0,0,0,0,0,0,0,0,19255344,9500942,16948600,3808472,9534,0,0,0,0,0,0,0.999529,0.999270,0.999929,1.000000,1.000000,0.000000,0.000000,0.000000,0.000000,0.000000,0.000000
0.330000,37,2025-09-23T21:15:40.500447-07:00,19781308,9757835,17418301,3914250,9798,0,0,0,0,0,0,9304,7107,1227,0,0,0,0,0,0,0,0,19790612,9764942,17419528,3914250,9798,0,0,0,0,0,0,0.999530,0.999272,0.999930,1.000000,1.000000,0.000000,0.000000,0.000000,0.000000,0.000000,0.000000
0.330000,38,2025-09-23T21:15:42.501563-07:00,20316279,10021616,17889078,4020030,10061,0,0,0,0,0,0,9559,7282,1260,0,0,0,0,0,0,0,0,20325838,10028898,17890338,4020030,10061,0,0,0,0,0,0,0.999530,0.999274,0.999930,1.000000,1.000000,0.000000,0.000000,0.000000,0.000000,0.000000,0.000000
0.330000,39,2025-09-23T21:15:44.502641-07:00,20851329,10285532,18359886,4125866,10329,0,0,0,0,0,0,9803,7464,1292,0,0,0,0,0,0,0,0,20861132,10292996,18361178,4125866,10329,0,0,0,0,0,0,0.999530,0.999275,0.999930,1.000000,1.000000,0.000000,0.000000,0.000000,0.000000,0.000000,0.000000
0.330000,40,2025-09-23T21:15:46.503193-07:00,21386405,10549478,18830692,4231688,10599,0,0,0,0,0,0,10045,7632,1321,0,0,0,0,0,0,0,0,21396450,10557110,18832013,4231688,10599,0,0,0,0,0,0,0.999531,0.999277,0.999930,1.000000,1.000000,0.000000,0.000000,0.000000,0.000000,0.000000,0.000000
0.330000,41,2025-09-23T21:15:48.504679-07:00,21921564,10813426,19301516,4337521,10867,0,0,0,0,0,0,10311,7826,1354,0,0,0,0,0,0,0,0,21931875,10821252,19302870,4337521,10867,0,0,0,0,0,0,0.999530,0.999277,0.999930,1.000000,1.000000,0.000000,0.000000,0.000000,0.000000,0.000000,0.000000
0.330000,42,2025-09-23T21:15:50.5066-07:00,22456714,11077288,19772315,4443297,11127,0,0,0,0,0,0,10557,7995,1383,0,0,0,0,0,0,0,0,22467271,11085283,19773698,4443297,11127,0,0,0,0,0,0,0.999530,0.999279,0.999930,1.000000,1.000000,0.000000,0.000000,0.000000,0.000000,0.000000,0.000000
0.330000,43,2025-09-23T21:15:52.509696-07:00,22991797,11341155,20243066,4549099,11391,0,0,0,0,0,0,10809,8181,1418,0,0,0,0,0,0,0,0,23002606,11349336,20244484,4549099,11391,0,0,0,0,0,0,0.999530,0.999279,0.999930,1.000000,1.000000,0.000000,0.000000,0.000000,0.000000,0.000000,0.000000
0.330000,44,2025-09-23T21:15:54.512404-07:00,23526695,11605017,20713716,4654884,11656,0,0,0,0,0,0,11063,8376,1447,0,0,0,0,0,0,0,0,23537758,11613393,20715163,4654884,11656,0,0,0,0,0,0,0.999530,0.999279,0.999930,1.000000,1.000000,0.000000,0.000000,0.000000,0.000000,0.000000,0.000000
0.330000,45,2025-09-23T21:15:56.515106-07:00,24088563,11882020,21208054,4765974,11933,0,0,0,0,0,0,11305,8576,1476,0,0,0,0,0,0,0,0,24099868,11890596,21209530,4765974,11933,0,0,0,0,0,0,0.999531,0.999279,0.999930,1.000000,1.000000,0.000000,0.000000,0.000000,0.000000,0.000000,0.000000
0.330000,46,2025-09-23T21:15:58.518512-07:00,24623494,12145904,21678810,4871741,12201,0,0,0,0,0,0,11570,8762,1505,0,0,0,0,0,0,0,0,24635064,12154666,21680315,4871741,12201,0,0,0,0,0,0,0.999530,0.999279,0.999931,1.000000,1.000000,0.000000,0.000000,0.000000,0.000000,0.000000,0.000000
0.330000,47,2025-09-23T21:16:00.524279-07:00,25158635,12409666,22149718,4977564,12467,0,0,0,0,0,0,11831,8946,1534,0,0,0,0,0,0,0,0,25170466,12418612,22151252,4977564,12467,0,0,0,0,0,0,0.999530,0.999280,0.999931,1.000000,1.000000,0.000000,0.000000,0.000000,0.000000,0.000000,0.000000
0.330000,48,2025-09-23T21:16:02.527904-07:00,25689742,12673570,22620421,5083397,12722,0,0,0,0,0,0,12093,9136,1574,0,0,0,0,0,0,0,0,25701835,12682706,22621995,5083397,12722,0,0,0,0,0,0,0.999529,0.999280,0.999930,1.000000,1.000000,0.000000,0.000000,0.000000,0.000000,0.000000,0.000000
0.330000,49,2025-09-23T21:16:04.529342-07:00,26211758,12934955,23084281,5189140,12986,0,0,0,0,0,0,12300,9331,1607,0,0,0,0,0,0,0,0,26224058,12944286,23085888,5189140,12986,0,0,0,0,0,0,0.999531,0.999279,0.999930,1.000000,1.000000,0.000000,0.000000,0.000000,0.000000,0.000000,0.000000
